date,bikes_hired
30/07/2010,6.897
31/07/2010,5.564
01/08/2010,4.303
02/08/2010,6.642
03/08/2010,7.966
04/08/2010,7.893
05/08/2010,8.724
06/08/2010,9.797
07/08/2010,6.631
08/08/2010,7.864
09/08/2010,6.191
10/08/2010,4.802
11/08/2010,14.013
12/08/2010,13.080
13/08/2010,12.151
14/08/2010,9.195
15/08/2010,10.928
16/08/2010,15.384
17/08/2010,15.396
18/08/2010,16.062
19/08/2010,17.170
20/08/2010,16.462
21/08/2010,11.719
22/08/2010,10.129
23/08/2010,12.935
24/08/2010,17.006
25/08/2010,10.062
26/08/2010,9.875
27/08/2010,12.854
28/08/2010,10.116
29/08/2010,7.811
30/08/2010,10.534
31/08/2010,17.508
01/09/2010,19.332
02/09/2010,20.909
03/09/2010,20.113
04/09/2010,14.373
05/09/2010,12.924
06/09/2010,16.841
07/09/2010,25.361
08/09/2010,18.727
09/09/2010,20.774
10/09/2010,19.532
11/09/2010,13.383
12/09/2010,14.002
13/09/2010,18.037
14/09/2010,17.026
15/09/2010,20.890
16/09/2010,20.433
17/09/2010,20.488
18/09/2010,15.495
19/09/2010,11.492
20/09/2010,20.169
21/09/2010,22.906
22/09/2010,23.905
23/09/2010,17.729
24/09/2010,18.053
25/09/2010,14.010
26/09/2010,7.890
27/09/2010,18.789
28/09/2010,21.554
29/09/2010,13.899
30/09/2010,21.823
01/10/2010,11.424
02/10/2010,10.704
03/10/2010,8.237
04/10/2010,23.688
05/10/2010,22.054
06/10/2010,20.114
07/10/2010,24.072
08/10/2010,22.886
09/10/2010,14.463
10/10/2010,14.871
11/10/2010,21.986
12/10/2010,23.016
13/10/2010,22.251
14/10/2010,21.582
15/10/2010,20.934
16/10/2010,12.735
17/10/2010,12.764
18/10/2010,20.464
19/10/2010,17.964
20/10/2010,20.750
21/10/2010,21.161
22/10/2010,20.164
23/10/2010,11.584
24/10/2010,11.259
25/10/2010,18.430
26/10/2010,13.950
27/10/2010,19.559
28/10/2010,19.995
29/10/2010,19.119
30/10/2010,13.493
31/10/2010,8.739
01/11/2010,19.785
02/11/2010,21.754
03/11/2010,27.964
04/11/2010,22.424
05/11/2010,15.815
06/11/2010,11.877
07/11/2010,9.331
08/11/2010,11.328
09/11/2010,16.026
10/11/2010,19.767
11/11/2010,12.901
12/11/2010,14.534
13/11/2010,12.123
14/11/2010,6.235
15/11/2010,18.086
16/11/2010,18.764
17/11/2010,17.005
18/11/2010,15.974
19/11/2010,18.545
20/11/2010,10.806
21/11/2010,8.356
22/11/2010,17.258
23/11/2010,17.427
24/11/2010,18.628
25/11/2010,16.822
26/11/2010,16.092
27/11/2010,7.867
28/11/2010,6.866
29/11/2010,16.681
30/11/2010,9.263
01/12/2010,9.848
02/12/2010,7.356
03/12/2010,8.264
04/12/2010,7.857
05/12/2010,8.321
06/12/2010,13.855
07/12/2010,15.033
08/12/2010,15.225
09/12/2010,16.171
10/12/2010,15.602
11/12/2010,10.328
12/12/2010,8.585
13/12/2010,14.997
14/12/2010,15.550
15/12/2010,13.412
16/12/2010,10.833
17/12/2010,10.366
18/12/2010,2.805
19/12/2010,2.764
20/12/2010,6.876
21/12/2010,7.879
22/12/2010,9.718
23/12/2010,8.867
24/12/2010,5.402
25/12/2010,5.621
26/12/2010,4.383
27/12/2010,3.971
28/12/2010,3.763
29/12/2010,7.010
30/12/2010,7.464
31/12/2010,7.448
01/01/2011,4.555
02/01/2011,6.250
03/01/2011,7.262
04/01/2011,13.430
05/01/2011,13.757
06/01/2011,9.595
07/01/2011,9.294
08/01/2011,9.338
09/01/2011,10.558
10/01/2011,16.058
11/01/2011,16.412
12/01/2011,13.894
13/01/2011,15.911
14/01/2011,14.834
15/01/2011,11.851
16/01/2011,10.471
17/01/2011,10.835
18/01/2011,17.703
19/01/2011,18.350
20/01/2011,17.957
21/01/2011,16.509
22/01/2011,10.658
23/01/2011,9.911
24/01/2011,17.193
25/01/2011,17.045
26/01/2011,16.396
27/01/2011,16.519
28/01/2011,15.538
29/01/2011,9.379
30/01/2011,9.455
31/01/2011,16.260
01/02/2011,16.331
02/02/2011,18.102
03/02/2011,15.593
04/02/2011,14.938
05/02/2011,8.442
06/02/2011,9.437
07/02/2011,16.537
08/02/2011,19.829
09/02/2011,18.197
10/02/2011,11.496
11/02/2011,16.070
12/02/2011,12.855
13/02/2011,7.034
14/02/2011,17.836
15/02/2011,15.667
16/02/2011,18.989
17/02/2011,18.938
18/02/2011,17.460
19/02/2011,6.250
20/02/2011,7.882
21/02/2011,13.720
22/02/2011,15.948
23/02/2011,12.936
24/02/2011,19.230
25/02/2011,18.634
26/02/2011,7.749
27/02/2011,8.349
28/02/2011,13.843
01/03/2011,15.774
02/03/2011,16.929
03/03/2011,16.576
04/03/2011,16.971
05/03/2011,9.847
06/03/2011,7.142
07/03/2011,16.192
08/03/2011,17.240
09/03/2011,18.494
10/03/2011,18.794
11/03/2011,19.074
12/03/2011,15.488
13/03/2011,10.526
14/03/2011,19.451
15/03/2011,19.568
16/03/2011,19.643
17/03/2011,20.036
18/03/2011,14.612
19/03/2011,17.801
20/03/2011,14.694
21/03/2011,20.710
22/03/2011,21.792
23/03/2011,23.837
24/03/2011,23.518
25/03/2011,24.343
26/03/2011,16.095
27/03/2011,17.550
28/03/2011,21.602
29/03/2011,22.080
30/03/2011,18.945
31/03/2011,20.831
01/04/2011,22.048
02/04/2011,19.829
03/04/2011,17.294
04/04/2011,20.949
05/04/2011,16.690
06/04/2011,25.597
07/04/2011,25.451
08/04/2011,26.622
09/04/2011,22.323
10/04/2011,21.346
11/04/2011,22.204
12/04/2011,23.651
13/04/2011,18.909
14/04/2011,22.346
15/04/2011,22.974
16/04/2011,19.632
17/04/2011,22.009
18/04/2011,24.032
19/04/2011,27.914
20/04/2011,27.934
21/04/2011,26.547
22/04/2011,23.719
23/04/2011,19.182
24/04/2011,21.313
25/04/2011,21.669
26/04/2011,22.038
27/04/2011,24.349
28/04/2011,23.794
29/04/2011,19.700
30/04/2011,21.574
01/05/2011,19.489
02/05/2011,18.126
03/05/2011,23.786
04/05/2011,26.183
05/05/2011,23.620
06/05/2011,28.971
07/05/2011,22.274
08/05/2011,21.011
09/05/2011,27.172
10/05/2011,29.417
11/05/2011,27.205
12/05/2011,23.461
13/05/2011,23.991
14/05/2011,21.100
15/05/2011,19.097
16/05/2011,24.620
17/05/2011,25.464
18/05/2011,23.068
19/05/2011,27.534
20/05/2011,27.523
21/05/2011,24.408
22/05/2011,19.348
23/05/2011,24.268
24/05/2011,27.768
25/05/2011,28.708
26/05/2011,18.055
27/05/2011,22.907
28/05/2011,15.693
29/05/2011,18.396
30/05/2011,16.097
31/05/2011,23.312
01/06/2011,26.054
02/06/2011,26.920
03/06/2011,26.641
04/06/2011,15.233
05/06/2011,8.420
06/06/2011,13.812
07/06/2011,22.378
08/06/2011,23.013
09/06/2011,25.061
10/06/2011,20.141
11/06/2011,21.059
12/06/2011,6.061
13/06/2011,23.978
14/06/2011,28.889
15/06/2011,25.643
16/06/2011,17.566
17/06/2011,15.723
18/06/2011,13.721
19/06/2011,17.092
20/06/2011,20.101
21/06/2011,26.780
22/06/2011,22.745
23/06/2011,24.559
24/06/2011,22.137
25/06/2011,17.944
26/06/2011,23.483
27/06/2011,26.243
28/06/2011,21.950
29/06/2011,28.073
30/06/2011,27.297
01/07/2011,27.758
02/07/2011,22.764
03/07/2011,21.423
04/07/2011,27.332
05/07/2011,24.802
06/07/2011,26.207
07/07/2011,20.483
08/07/2011,19.485
09/07/2011,21.360
10/07/2011,20.203
11/07/2011,26.355
12/07/2011,26.633
13/07/2011,25.417
14/07/2011,26.479
15/07/2011,27.114
16/07/2011,10.224
17/07/2011,10.965
18/07/2011,18.541
19/07/2011,21.218
20/07/2011,21.580
21/07/2011,20.951
22/07/2011,25.172
23/07/2011,20.264
24/07/2011,22.464
25/07/2011,25.185
26/07/2011,25.636
27/07/2011,24.989
28/07/2011,26.759
29/07/2011,25.373
30/07/2011,23.930
31/07/2011,21.388
01/08/2011,22.940
02/08/2011,24.290
03/08/2011,26.120
04/08/2011,15.149
05/08/2011,26.792
06/08/2011,20.485
07/08/2011,14.912
08/08/2011,23.489
09/08/2011,23.011
10/08/2011,24.182
11/08/2011,20.573
12/08/2011,22.971
13/08/2011,20.731
14/08/2011,21.115
15/08/2011,23.657
16/08/2011,24.899
17/08/2011,23.010
18/08/2011,16.139
19/08/2011,25.444
20/08/2011,17.334
21/08/2011,21.836
22/08/2011,25.222
23/08/2011,10.953
24/08/2011,22.883
25/08/2011,20.026
26/08/2011,12.368
27/08/2011,14.045
28/08/2011,15.908
29/08/2011,17.443
30/08/2011,21.477
31/08/2011,23.036
01/09/2011,25.110
02/09/2011,25.981
03/09/2011,24.578
04/09/2011,14.967
05/09/2011,21.776
06/09/2011,13.863
07/09/2011,22.746
08/09/2011,23.679
09/09/2011,23.957
10/09/2011,20.069
11/09/2011,17.719
12/09/2011,21.572
13/09/2011,23.962
14/09/2011,25.824
15/09/2011,25.803
16/09/2011,25.567
17/09/2011,15.147
18/09/2011,17.327
19/09/2011,23.708
20/09/2011,23.676
21/09/2011,22.730
22/09/2011,24.601
23/09/2011,25.114
24/09/2011,22.113
25/09/2011,21.211
26/09/2011,20.527
27/09/2011,24.841
28/09/2011,28.434
29/09/2011,29.039
30/09/2011,29.139
01/10/2011,27.129
02/10/2011,26.906
03/10/2011,27.559
04/10/2011,26.131
05/10/2011,26.263
06/10/2011,25.083
07/10/2011,24.529
08/10/2011,18.154
09/10/2011,17.643
10/10/2011,24.198
11/10/2011,26.184
12/10/2011,26.323
13/10/2011,25.149
14/10/2011,26.542
15/10/2011,23.663
16/10/2011,18.530
17/10/2011,23.892
18/10/2011,23.791
19/10/2011,23.259
20/10/2011,23.157
21/10/2011,23.253
22/10/2011,20.482
23/10/2011,18.560
24/10/2011,22.842
25/10/2011,22.771
26/10/2011,17.621
27/10/2011,19.360
28/10/2011,23.158
29/10/2011,18.228
30/10/2011,15.443
31/10/2011,22.999
01/11/2011,22.747
02/11/2011,23.724
03/11/2011,18.676
04/11/2011,18.774
05/11/2011,16.434
06/11/2011,14.317
07/11/2011,20.365
08/11/2011,19.231
09/11/2011,22.542
10/11/2011,23.475
11/11/2011,21.140
12/11/2011,18.933
13/11/2011,17.744
14/11/2011,19.913
15/11/2011,22.245
16/11/2011,21.639
17/11/2011,22.802
18/11/2011,22.461
19/11/2011,18.706
20/11/2011,14.829
21/11/2011,20.824
22/11/2011,20.341
23/11/2011,21.855
24/11/2011,21.870
25/11/2011,21.598
26/11/2011,15.803
27/11/2011,14.362
28/11/2011,20.167
29/11/2011,18.718
30/11/2011,20.956
01/12/2011,16.481
02/12/2011,19.146
03/12/2011,13.776
04/12/2011,10.276
05/12/2011,18.176
06/12/2011,18.943
07/12/2011,19.279
08/12/2011,17.313
09/12/2011,18.421
10/12/2011,11.864
11/12/2011,8.368
12/12/2011,16.554
13/12/2011,17.111
14/12/2011,17.543
15/12/2011,17.081
16/12/2011,11.778
17/12/2011,8.925
18/12/2011,7.485
19/12/2011,11.270
20/12/2011,15.685
21/12/2011,14.158
22/12/2011,15.099
23/12/2011,9.131
24/12/2011,4.890
25/12/2011,17.998
26/12/2011,10.953
27/12/2011,8.076
28/12/2011,9.888
29/12/2011,8.368
30/12/2011,6.900
31/12/2011,7.793
01/01/2012,5.171
02/01/2012,9.091
03/01/2012,10.094
04/01/2012,13.936
05/01/2012,14.191
06/01/2012,17.713
07/01/2012,12.556
08/01/2012,10.487
09/01/2012,19.472
10/01/2012,20.548
11/01/2012,20.958
12/01/2012,20.879
13/01/2012,19.691
14/01/2012,13.843
15/01/2012,12.149
16/01/2012,19.136
17/01/2012,20.170
18/01/2012,17.972
19/01/2012,15.441
20/01/2012,18.703
21/01/2012,13.339
22/01/2012,12.845
23/01/2012,20.193
24/01/2012,13.269
25/01/2012,20.836
26/01/2012,19.515
27/01/2012,20.775
28/01/2012,13.272
29/01/2012,10.949
30/01/2012,18.955
31/01/2012,18.176
01/02/2012,18.208
02/02/2012,16.916
03/02/2012,16.185
04/02/2012,8.348
05/02/2012,3.531
06/02/2012,15.202
07/02/2012,17.722
08/02/2012,16.442
09/02/2012,16.363
10/02/2012,15.117
11/02/2012,9.912
12/02/2012,8.020
13/02/2012,13.172
14/02/2012,17.946
15/02/2012,19.396
16/02/2012,19.505
17/02/2012,19.444
18/02/2012,9.463
19/02/2012,12.655
20/02/2012,18.802
21/02/2012,20.861
22/02/2012,18.112
23/02/2012,23.391
24/02/2012,22.067
25/02/2012,19.349
26/02/2012,17.646
27/02/2012,20.936
28/02/2012,23.423
29/02/2012,23.692
01/03/2012,25.116
02/03/2012,21.928
03/03/2012,17.697
04/03/2012,5.062
05/03/2012,19.342
06/03/2012,21.102
07/03/2012,17.096
08/03/2012,24.123
09/03/2012,23.609
10/03/2012,24.721
11/03/2012,27.758
12/03/2012,28.856
13/03/2012,27.528
14/03/2012,28.296
15/03/2012,29.969
16/03/2012,26.452
17/03/2012,13.391
18/03/2012,19.184
19/03/2012,28.391
20/03/2012,30.817
21/03/2012,31.175
22/03/2012,31.135
23/03/2012,33.635
24/03/2012,35.091
25/03/2012,28.607
26/03/2012,32.368
27/03/2012,34.563
28/03/2012,36.539
29/03/2012,35.954
30/03/2012,35.666
31/03/2012,23.038
01/04/2012,30.513
02/04/2012,32.142
03/04/2012,25.956
04/04/2012,27.912
05/04/2012,24.383
06/04/2012,22.354
07/04/2012,16.848
08/04/2012,15.717
09/04/2012,6.214
10/04/2012,24.898
11/04/2012,29.345
12/04/2012,25.772
13/04/2012,27.673
14/04/2012,26.193
15/04/2012,10.188
16/04/2012,28.188
17/04/2012,20.105
18/04/2012,16.651
19/04/2012,18.759
20/04/2012,22.730
21/04/2012,22.014
22/04/2012,19.707
23/04/2012,19.262
24/04/2012,27.522
25/04/2012,12.737
26/04/2012,21.740
27/04/2012,24.263
28/04/2012,7.827
29/04/2012,9.951
30/04/2012,31.909
01/05/2012,24.523
02/05/2012,28.381
03/05/2012,23.768
04/05/2012,25.503
05/05/2012,16.009
06/05/2012,17.160
07/05/2012,15.227
08/05/2012,28.585
09/05/2012,21.758
10/05/2012,26.164
11/05/2012,31.385
12/05/2012,30.699
13/05/2012,28.778
14/05/2012,23.344
15/05/2012,18.409
16/05/2012,31.453
17/05/2012,31.219
18/05/2012,30.945
19/05/2012,28.474
20/05/2012,22.286
21/05/2012,30.905
22/05/2012,36.720
23/05/2012,40.486
24/05/2012,42.008
25/05/2012,41.357
26/05/2012,39.358
27/05/2012,38.781
28/05/2012,40.872
29/05/2012,37.962
30/05/2012,38.803
31/05/2012,35.630
01/06/2012,34.524
02/06/2012,25.283
03/06/2012,12.207
04/06/2012,22.649
05/06/2012,15.537
06/06/2012,30.297
07/06/2012,23.066
08/06/2012,22.224
09/06/2012,29.258
10/06/2012,20.876
11/06/2012,10.252
12/06/2012,23.742
13/06/2012,34.447
14/06/2012,31.593
15/06/2012,30.944
16/06/2012,26.300
17/06/2012,28.531
18/06/2012,31.089
19/06/2012,37.601
20/06/2012,39.267
21/06/2012,27.052
22/06/2012,33.027
23/06/2012,26.900
24/06/2012,23.509
25/06/2012,36.337
26/06/2012,37.652
27/06/2012,36.767
28/06/2012,39.571
29/06/2012,35.321
30/06/2012,32.982
01/07/2012,27.438
02/07/2012,24.963
03/07/2012,27.163
04/07/2012,32.433
05/07/2012,40.565
06/07/2012,24.723
07/07/2012,24.782
08/07/2012,15.855
09/07/2012,30.523
10/07/2012,29.723
11/07/2012,30.544
12/07/2012,24.736
13/07/2012,28.875
14/07/2012,17.999
15/07/2012,29.938
16/07/2012,24.218
17/07/2012,36.788
18/07/2012,29.841
19/07/2012,37.032
20/07/2012,31.187
21/07/2012,34.776
22/07/2012,38.620
23/07/2012,42.309
24/07/2012,45.748
25/07/2012,45.024
26/07/2012,46.891
27/07/2012,42.815
28/07/2012,44.617
29/07/2012,26.352
30/07/2012,41.891
31/07/2012,35.805
01/08/2012,41.603
02/08/2012,43.183
03/08/2012,43.045
04/08/2012,39.082
05/08/2012,30.150
06/08/2012,37.198
07/08/2012,38.134
08/08/2012,42.263
09/08/2012,46.050
10/08/2012,47.102
11/08/2012,44.111
12/08/2012,41.734
13/08/2012,36.101
14/08/2012,41.532
15/08/2012,36.557
16/08/2012,38.181
17/08/2012,40.821
18/08/2012,40.577
19/08/2012,35.370
20/08/2012,37.997
21/08/2012,39.185
22/08/2012,39.962
23/08/2012,36.578
24/08/2012,33.329
25/08/2012,17.802
26/08/2012,31.939
27/08/2012,27.522
28/08/2012,37.362
29/08/2012,30.916
30/08/2012,30.379
31/08/2012,37.406
01/09/2012,33.123
02/09/2012,27.997
03/09/2012,39.941
04/09/2012,40.298
05/09/2012,40.606
06/09/2012,39.864
07/09/2012,41.414
08/09/2012,40.978
09/09/2012,39.006
10/09/2012,35.489
11/09/2012,37.276
12/09/2012,35.654
13/09/2012,37.938
14/09/2012,36.653
15/09/2012,36.493
16/09/2012,29.785
17/09/2012,35.954
18/09/2012,37.026
19/09/2012,36.136
20/09/2012,35.929
21/09/2012,32.347
22/09/2012,33.867
23/09/2012,8.452
24/09/2012,21.229
25/09/2012,33.706
26/09/2012,27.202
27/09/2012,32.416
28/09/2012,31.880
29/09/2012,31.223
30/09/2012,25.263
01/10/2012,23.627
02/10/2012,30.107
03/10/2012,32.695
04/10/2012,35.136
05/10/2012,23.773
06/10/2012,30.424
07/10/2012,27.168
08/10/2012,22.984
09/10/2012,32.965
10/10/2012,35.221
11/10/2012,25.324
12/10/2012,31.694
13/10/2012,26.289
14/10/2012,25.440
15/10/2012,30.558
16/10/2012,33.253
17/10/2012,30.285
18/10/2012,32.566
19/10/2012,21.001
20/10/2012,25.411
21/10/2012,15.563
22/10/2012,27.294
23/10/2012,31.996
24/10/2012,33.882
25/10/2012,29.515
26/10/2012,26.404
27/10/2012,17.144
28/10/2012,15.305
29/10/2012,24.276
30/10/2012,30.325
31/10/2012,29.241
01/11/2012,26.888
02/11/2012,28.748
03/11/2012,21.498
04/11/2012,11.693
05/11/2012,27.666
06/11/2012,27.038
07/11/2012,29.537
08/11/2012,29.895
09/11/2012,29.349
10/11/2012,18.018
11/11/2012,20.971
12/11/2012,23.680
13/11/2012,30.511
14/11/2012,31.453
15/11/2012,30.165
16/11/2012,28.143
17/11/2012,20.325
18/11/2012,21.664
19/11/2012,28.127
20/11/2012,25.921
21/11/2012,20.554
22/11/2012,27.783
23/11/2012,27.973
24/11/2012,8.902
25/11/2012,16.894
26/11/2012,20.656
27/11/2012,20.388
28/11/2012,21.403
29/11/2012,26.212
30/11/2012,24.838
01/12/2012,16.068
02/12/2012,15.227
03/12/2012,23.592
04/12/2012,26.144
05/12/2012,23.111
06/12/2012,22.645
07/12/2012,20.140
08/12/2012,17.805
09/12/2012,14.147
10/12/2012,23.937
11/12/2012,23.531
12/12/2012,22.344
13/12/2012,21.704
14/12/2012,17.085
15/12/2012,16.962
16/12/2012,14.128
17/12/2012,22.899
18/12/2012,23.651
19/12/2012,16.828
20/12/2012,12.401
21/12/2012,20.395
22/12/2012,5.644
23/12/2012,9.184
24/12/2012,7.985
25/12/2012,16.816
26/12/2012,10.405
27/12/2012,9.013
28/12/2012,10.947
29/12/2012,8.498
30/12/2012,11.343
31/12/2012,8.865
01/01/2013,12.149
02/01/2013,16.203
03/01/2013,21.269
04/01/2013,22.435
05/01/2013,16.242
06/01/2013,13.622
07/01/2013,23.348
08/01/2013,25.909
09/01/2013,25.341
10/01/2013,24.363
11/01/2013,23.869
12/01/2013,13.562
13/01/2013,12.260
14/01/2013,17.427
15/01/2013,22.797
16/01/2013,22.460
17/01/2013,22.210
18/01/2013,13.108
19/01/2013,7.843
20/01/2013,3.728
21/01/2013,13.467
22/01/2013,18.061
23/01/2013,19.404
24/01/2013,20.721
25/01/2013,20.178
26/01/2013,14.595
27/01/2013,13.689
28/01/2013,18.689
29/01/2013,21.268
30/01/2013,23.415
31/01/2013,21.957
01/02/2013,18.081
02/02/2013,15.757
03/02/2013,13.572
04/02/2013,23.017
05/02/2013,21.177
06/02/2013,20.664
07/02/2013,20.852
08/02/2013,20.571
09/02/2013,11.274
10/02/2013,4.901
11/02/2013,13.468
12/02/2013,20.342
13/02/2013,21.051
14/02/2013,21.034
15/02/2013,22.952
16/02/2013,19.072
17/02/2013,19.044
18/02/2013,22.724
19/02/2013,24.525
20/02/2013,20.938
21/02/2013,19.757
22/02/2013,18.313
23/02/2013,11.234
24/02/2013,9.404
25/02/2013,19.800
26/02/2013,19.595
27/02/2013,21.484
28/02/2013,21.985
01/03/2013,19.487
02/03/2013,15.265
03/03/2013,14.520
04/03/2013,23.036
05/03/2013,27.054
06/03/2013,24.324
07/03/2013,17.322
08/03/2013,13.843
09/03/2013,14.244
10/03/2013,10.163
11/03/2013,16.546
12/03/2013,18.794
13/03/2013,20.245
14/03/2013,21.984
15/03/2013,17.159
16/03/2013,9.190
17/03/2013,7.940
18/03/2013,15.852
19/03/2013,22.479
20/03/2013,22.216
21/03/2013,22.061
22/03/2013,16.233
23/03/2013,5.249
24/03/2013,6.786
25/03/2013,17.290
26/03/2013,18.384
27/03/2013,19.184
28/03/2013,18.052
29/03/2013,10.909
30/03/2013,9.793
31/03/2013,9.007
01/04/2013,9.421
02/04/2013,19.148
03/04/2013,17.801
04/04/2013,15.626
05/04/2013,18.059
06/04/2013,18.216
07/04/2013,18.090
08/04/2013,21.797
09/04/2013,17.555
10/04/2013,22.233
11/04/2013,19.240
12/04/2013,15.100
13/04/2013,11.291
14/04/2013,25.074
15/04/2013,24.923
16/04/2013,26.060
17/04/2013,25.730
18/04/2013,23.979
19/04/2013,24.297
20/04/2013,26.724
21/04/2013,22.466
22/04/2013,25.384
23/04/2013,31.359
24/04/2013,30.193
25/04/2013,32.000
26/04/2013,23.125
27/04/2013,17.337
28/04/2013,19.139
29/04/2013,27.644
30/04/2013,29.219
01/05/2013,31.175
02/05/2013,31.239
03/05/2013,31.340
04/05/2013,19.156
05/05/2013,24.342
06/05/2013,29.015
07/05/2013,30.707
08/05/2013,26.032
09/05/2013,24.250
10/05/2013,26.399
11/05/2013,16.627
12/05/2013,15.918
13/05/2013,24.836
14/05/2013,18.054
15/05/2013,24.015
16/05/2013,26.070
17/05/2013,24.932
18/05/2013,22.272
19/05/2013,23.994
20/05/2013,25.914
21/05/2013,27.649
22/05/2013,26.967
23/05/2013,24.701
24/05/2013,12.891
25/05/2013,21.087
26/05/2013,27.251
27/05/2013,25.819
28/05/2013,14.556
29/05/2013,21.440
30/05/2013,22.150
31/05/2013,29.136
01/06/2013,24.782
02/06/2013,27.202
03/06/2013,29.940
04/06/2013,32.397
05/06/2013,32.488
06/06/2013,32.829
07/06/2013,28.762
08/06/2013,27.264
09/06/2013,19.429
10/06/2013,27.336
11/06/2013,26.601
12/06/2013,24.401
13/06/2013,26.388
14/06/2013,28.797
15/06/2013,16.020
16/06/2013,19.970
17/06/2013,28.611
18/06/2013,30.871
19/06/2013,31.899
20/06/2013,29.959
21/06/2013,28.844
22/06/2013,19.483
23/06/2013,19.006
24/06/2013,27.636
25/06/2013,31.889
26/06/2013,31.156
27/06/2013,27.306
28/06/2013,22.074
29/06/2013,29.054
30/06/2013,31.237
01/07/2013,31.151
02/07/2013,30.163
03/07/2013,30.780
04/07/2013,32.941
05/07/2013,34.704
06/07/2013,34.191
07/07/2013,31.363
08/07/2013,34.263
09/07/2013,35.519
10/07/2013,33.629
11/07/2013,33.792
12/07/2013,33.173
13/07/2013,33.509
14/07/2013,32.169
15/07/2013,34.419
16/07/2013,35.580
17/07/2013,35.203
18/07/2013,35.330
19/07/2013,35.196
20/07/2013,28.332
21/07/2013,30.075
22/07/2013,33.176
23/07/2013,31.624
24/07/2013,34.038
25/07/2013,33.683
26/07/2013,34.681
27/07/2013,25.761
28/07/2013,28.177
29/07/2013,30.415
30/07/2013,22.742
31/07/2013,28.976
01/08/2013,34.770
02/08/2013,29.109
03/08/2013,34.928
04/08/2013,32.580
05/08/2013,23.864
06/08/2013,33.631
07/08/2013,33.084
08/08/2013,33.737
09/08/2013,28.206
10/08/2013,28.830
11/08/2013,29.530
12/08/2013,30.425
13/08/2013,30.933
14/08/2013,31.412
15/08/2013,30.865
16/08/2013,25.555
17/08/2013,23.931
18/08/2013,26.910
19/08/2013,31.183
20/08/2013,33.578
21/08/2013,33.214
22/08/2013,22.363
23/08/2013,30.665
24/08/2013,7.341
25/08/2013,21.638
26/08/2013,27.802
27/08/2013,29.563
28/08/2013,32.024
29/08/2013,31.639
30/08/2013,31.127
31/08/2013,29.718
01/09/2013,23.856
02/09/2013,31.292
03/09/2013,31.600
04/09/2013,33.406
05/09/2013,33.574
06/09/2013,20.930
07/09/2013,21.279
08/09/2013,18.046
09/09/2013,17.943
10/09/2013,24.558
11/09/2013,23.386
12/09/2013,24.246
13/09/2013,15.392
14/09/2013,12.977
15/09/2013,4.826
16/09/2013,21.892
17/09/2013,18.428
18/09/2013,25.319
19/09/2013,18.746
20/09/2013,26.196
21/09/2013,21.988
22/09/2013,22.683
23/09/2013,26.625
24/09/2013,28.666
25/09/2013,28.183
26/09/2013,28.857
27/09/2013,27.371
28/09/2013,21.716
29/09/2013,20.654
30/09/2013,27.089
01/10/2013,27.711
02/10/2013,26.467
03/10/2013,25.153
04/10/2013,26.522
05/10/2013,22.996
06/10/2013,25.143
07/10/2013,26.680
08/10/2013,27.598
09/10/2013,26.433
10/10/2013,23.497
11/10/2013,15.640
12/10/2013,17.068
13/10/2013,7.068
14/10/2013,18.979
15/10/2013,24.657
16/10/2013,20.562
17/10/2013,25.170
18/10/2013,24.880
19/10/2013,17.430
20/10/2013,11.396
21/10/2013,21.385
22/10/2013,22.316
23/10/2013,24.178
24/10/2013,26.399
25/10/2013,23.677
26/10/2013,16.986
27/10/2013,15.652
28/10/2013,14.577
29/10/2013,23.126
30/10/2013,24.753
31/10/2013,20.055
01/11/2013,20.597
02/11/2013,15.347
03/11/2013,13.063
04/11/2013,20.369
05/11/2013,19.326
06/11/2013,18.431
07/11/2013,22.527
08/11/2013,15.188
09/11/2013,6.772
10/11/2013,9.767
11/11/2013,14.377
12/11/2013,19.572
13/11/2013,22.021
14/11/2013,21.061
15/11/2013,20.850
16/11/2013,15.029
17/11/2013,12.340
18/11/2013,18.491
19/11/2013,20.335
20/11/2013,14.115
21/11/2013,18.668
22/11/2013,18.789
23/11/2013,13.276
24/11/2013,10.505
25/11/2013,19.201
26/11/2013,20.486
27/11/2013,20.274
28/11/2013,20.649
29/11/2013,19.397
30/11/2013,13.323
01/12/2013,11.711
02/12/2013,19.630
03/12/2013,20.242
04/12/2013,20.035
05/12/2013,18.326
06/12/2013,18.494
07/12/2013,13.625
08/12/2013,13.076
09/12/2013,19.969
10/12/2013,20.432
11/12/2013,19.123
12/12/2013,19.420
13/12/2013,16.921
14/12/2013,14.049
15/12/2013,8.557
16/12/2013,13.825
17/12/2013,15.689
18/12/2013,17.311
19/12/2013,17.738
20/12/2013,18.046
21/12/2013,5.774
22/12/2013,9.233
23/12/2013,6.246
24/12/2013,6.201
25/12/2013,27.715
26/12/2013,7.666
27/12/2013,7.258
28/12/2013,10.533
29/12/2013,10.983
30/12/2013,8.413
31/12/2013,7.701
01/01/2014,4.327
02/01/2014,15.820
03/01/2014,11.636
04/01/2014,6.918
05/01/2014,9.145
06/01/2014,13.066
07/01/2014,17.420
08/01/2014,19.770
09/01/2014,19.143
10/01/2014,18.840
11/01/2014,15.723
12/01/2014,11.975
13/01/2014,17.721
14/01/2014,20.740
15/01/2014,19.243
16/01/2014,18.861
17/01/2014,17.434
18/01/2014,15.333
19/01/2014,16.083
20/01/2014,21.218
21/01/2014,21.756
22/01/2014,21.072
23/01/2014,20.020
24/01/2014,19.272
25/01/2014,14.581
26/01/2014,7.033
27/01/2014,18.285
28/01/2014,19.939
29/01/2014,10.585
30/01/2014,17.052
31/01/2014,13.859
01/02/2014,13.981
02/02/2014,15.924
03/02/2014,20.370
04/02/2014,21.217
05/02/2014,29.418
06/02/2014,25.395
07/02/2014,19.857
08/02/2014,10.928
09/02/2014,11.657
10/02/2014,19.278
11/02/2014,18.514
12/02/2014,18.000
13/02/2014,20.954
14/02/2014,12.794
15/02/2014,11.208
16/02/2014,18.484
17/02/2014,19.013
18/02/2014,19.484
19/02/2014,21.556
20/02/2014,19.396
21/02/2014,21.269
22/02/2014,20.033
23/02/2014,13.680
24/02/2014,21.469
25/02/2014,20.713
26/02/2014,23.938
27/02/2014,20.629
28/02/2014,13.781
01/03/2014,18.823
02/03/2014,11.727
03/03/2014,18.150
04/03/2014,23.069
05/03/2014,25.102
06/03/2014,24.696
07/03/2014,24.385
08/03/2014,25.556
09/03/2014,33.955
10/03/2014,24.347
11/03/2014,23.871
12/03/2014,27.173
13/03/2014,27.552
14/03/2014,28.134
15/03/2014,29.664
16/03/2014,34.421
17/03/2014,26.465
18/03/2014,25.502
19/03/2014,26.719
20/03/2014,23.718
21/03/2014,23.821
22/03/2014,19.091
23/03/2014,17.463
24/03/2014,24.055
25/03/2014,19.421
26/03/2014,20.493
27/03/2014,23.462
28/03/2014,24.198
29/03/2014,29.511
30/03/2014,26.605
31/03/2014,26.715
01/04/2014,29.782
02/04/2014,28.876
03/04/2014,28.245
04/04/2014,27.401
05/04/2014,25.648
06/04/2014,16.387
07/04/2014,18.883
08/04/2014,26.654
09/04/2014,29.621
10/04/2014,29.229
11/04/2014,28.435
12/04/2014,25.706
13/04/2014,31.404
14/04/2014,28.742
15/04/2014,30.031
16/04/2014,30.934
17/04/2014,27.676
18/04/2014,22.152
19/04/2014,21.424
20/04/2014,7.188
21/04/2014,20.532
22/04/2014,22.689
23/04/2014,27.102
24/04/2014,29.119
25/04/2014,20.400
26/04/2014,25.195
27/04/2014,21.284
28/04/2014,29.474
29/04/2014,46.333
30/04/2014,49.025
01/05/2014,16.644
02/05/2014,26.510
03/05/2014,31.534
04/05/2014,33.030
05/05/2014,33.748
06/05/2014,32.323
07/05/2014,28.802
08/05/2014,19.398
09/05/2014,30.131
10/05/2014,19.373
11/05/2014,17.645
12/05/2014,26.149
13/05/2014,25.351
14/05/2014,34.122
15/05/2014,35.148
16/05/2014,36.268
17/05/2014,38.147
18/05/2014,43.663
19/05/2014,37.088
20/05/2014,33.626
21/05/2014,34.437
22/05/2014,30.819
23/05/2014,30.556
24/05/2014,18.723
25/05/2014,33.401
26/05/2014,12.049
27/05/2014,14.446
28/05/2014,21.978
29/05/2014,29.229
30/05/2014,31.331
31/05/2014,35.040
01/06/2014,36.655
02/06/2014,33.481
03/06/2014,29.332
04/06/2014,25.905
05/06/2014,34.617
06/06/2014,37.440
07/06/2014,29.919
08/06/2014,44.415
09/06/2014,34.305
10/06/2014,40.128
11/06/2014,39.582
12/06/2014,39.928
13/06/2014,40.036
14/06/2014,32.758
15/06/2014,28.944
16/06/2014,31.592
17/06/2014,37.658
18/06/2014,35.431
19/06/2014,36.113
20/06/2014,36.924
21/06/2014,42.463
22/06/2014,41.596
23/06/2014,35.206
24/06/2014,38.066
25/06/2014,39.623
26/06/2014,35.438
27/06/2014,35.912
28/06/2014,20.199
29/06/2014,26.714
30/06/2014,32.193
01/07/2014,39.495
02/07/2014,40.878
03/07/2014,43.116
04/07/2014,38.316
05/07/2014,27.332
06/07/2014,31.117
07/07/2014,36.191
08/07/2014,35.107
09/07/2014,38.844
10/07/2014,32.108
11/07/2014,27.618
12/07/2014,38.331
13/07/2014,33.227
14/07/2014,38.450
15/07/2014,40.888
16/07/2014,42.341
17/07/2014,42.404
18/07/2014,40.543
19/07/2014,37.061
20/07/2014,34.379
21/07/2014,38.499
22/07/2014,42.928
23/07/2014,42.486
24/07/2014,42.412
25/07/2014,31.881
26/07/2014,43.788
27/07/2014,39.917
28/07/2014,36.203
29/07/2014,42.308
30/07/2014,43.044
31/07/2014,41.970
01/08/2014,40.009
02/08/2014,38.046
03/08/2014,41.944
04/08/2014,39.856
05/08/2014,40.716
06/08/2014,38.665
07/08/2014,42.491
08/08/2014,34.234
09/08/2014,47.454
10/08/2014,23.980
11/08/2014,31.725
12/08/2014,34.827
13/08/2014,37.856
14/08/2014,27.185
15/08/2014,32.510
16/08/2014,47.245
17/08/2014,39.952
18/08/2014,30.784
19/08/2014,35.332
20/08/2014,36.817
21/08/2014,33.236
22/08/2014,34.047
23/08/2014,29.999
24/08/2014,30.962
25/08/2014,6.175
26/08/2014,18.448
27/08/2014,32.286
28/08/2014,31.842
29/08/2014,32.439
30/08/2014,30.832
31/08/2014,33.312
01/09/2014,27.455
02/09/2014,36.836
03/09/2014,36.523
04/09/2014,35.448
05/09/2014,35.013
06/09/2014,33.434
07/09/2014,34.248
08/09/2014,36.983
09/09/2014,37.674
10/09/2014,37.091
11/09/2014,35.303
12/09/2014,37.144
13/09/2014,34.174
14/09/2014,31.770
15/09/2014,36.629
16/09/2014,37.535
17/09/2014,38.583
18/09/2014,38.442
19/09/2014,36.841
20/09/2014,31.031
21/09/2014,33.334
22/09/2014,35.178
23/09/2014,36.460
24/09/2014,32.680
25/09/2014,35.367
26/09/2014,35.474
27/09/2014,35.087
28/09/2014,37.873
29/09/2014,31.701
30/09/2014,37.373
01/10/2014,32.733
02/10/2014,36.992
03/10/2014,37.909
04/10/2014,18.967
05/10/2014,33.082
06/10/2014,24.330
07/10/2014,31.465
08/10/2014,23.573
09/10/2014,26.642
10/10/2014,32.510
11/10/2014,30.498
12/10/2014,23.063
13/10/2014,13.299
14/10/2014,28.518
15/10/2014,25.424
16/10/2014,31.541
17/10/2014,32.770
18/10/2014,28.951
19/10/2014,30.480
20/10/2014,31.642
21/10/2014,24.681
22/10/2014,30.642
23/10/2014,31.277
24/10/2014,29.144
25/10/2014,30.053
26/10/2014,26.514
27/10/2014,33.716
28/10/2014,35.320
29/10/2014,23.281
30/10/2014,32.503
31/10/2014,36.478
01/11/2014,31.912
02/11/2014,15.887
03/11/2014,22.347
04/11/2014,23.525
05/11/2014,27.970
06/11/2014,28.274
07/11/2014,26.779
08/11/2014,17.473
09/11/2014,24.099
10/11/2014,28.303
11/11/2014,28.993
12/11/2014,24.878
13/11/2014,27.839
14/11/2014,21.442
15/11/2014,22.842
16/11/2014,17.849
17/11/2014,21.398
18/11/2014,26.094
19/11/2014,28.807
20/11/2014,29.068
21/11/2014,24.070
22/11/2014,18.347
23/11/2014,6.030
24/11/2014,25.884
25/11/2014,24.359
26/11/2014,23.096
27/11/2014,26.765
28/11/2014,26.782
29/11/2014,24.337
30/11/2014,19.998
01/12/2014,24.983
02/12/2014,21.614
03/12/2014,25.376
04/12/2014,19.993
05/12/2014,22.939
06/12/2014,17.431
07/12/2014,12.789
08/12/2014,23.519
09/12/2014,23.925
10/12/2014,25.028
11/12/2014,23.028
12/12/2014,20.436
13/12/2014,18.255
14/12/2014,14.441
15/12/2014,22.940
16/12/2014,23.087
17/12/2014,22.120
18/12/2014,23.196
19/12/2014,21.966
20/12/2014,14.690
21/12/2014,11.802
22/12/2014,18.552
23/12/2014,16.551
24/12/2014,10.385
25/12/2014,39.145
26/12/2014,7.678
27/12/2014,6.349
28/12/2014,9.293
29/12/2014,12.411
30/12/2014,13.120
31/12/2014,12.811
01/01/2015,9.615
02/01/2015,15.389
03/01/2015,5.779
04/01/2015,9.367
05/01/2015,20.566
06/01/2015,20.765
07/01/2015,22.504
08/01/2015,15.769
09/01/2015,22.285
10/01/2015,14.877
11/01/2015,14.738
12/01/2015,17.354
13/01/2015,24.966
14/01/2015,23.767
15/01/2015,23.123
16/01/2015,22.894
17/01/2015,15.443
18/01/2015,13.373
19/01/2015,23.193
20/01/2015,23.384
21/01/2015,22.987
22/01/2015,23.432
23/01/2015,22.093
24/01/2015,17.748
25/01/2015,15.267
26/01/2015,22.867
27/01/2015,25.222
28/01/2015,21.685
29/01/2015,21.421
30/01/2015,21.405
31/01/2015,10.385
01/02/2015,11.420
02/02/2015,21.770
03/02/2015,20.028
04/02/2015,22.056
05/02/2015,21.396
06/02/2015,21.146
07/02/2015,13.324
08/02/2015,15.983
09/02/2015,24.078
10/02/2015,24.399
11/02/2015,23.870
12/02/2015,23.429
13/02/2015,17.836
14/02/2015,14.644
15/02/2015,17.253
16/02/2015,16.548
17/02/2015,25.288
18/02/2015,25.340
19/02/2015,17.081
20/02/2015,21.014
21/02/2015,16.490
22/02/2015,9.214
23/02/2015,21.857
24/02/2015,23.758
25/02/2015,21.708
26/02/2015,20.131
27/02/2015,24.540
28/02/2015,13.677
01/03/2015,15.817
02/03/2015,22.379
03/03/2015,24.001
04/03/2015,24.544
05/03/2015,24.959
06/03/2015,25.527
07/03/2015,27.754
08/03/2015,20.207
09/03/2015,24.230
10/03/2015,27.878
11/03/2015,27.610
12/03/2015,28.324
13/03/2015,25.840
14/03/2015,18.270
15/03/2015,10.744
16/03/2015,19.950
17/03/2015,25.956
18/03/2015,26.618
19/03/2015,24.241
20/03/2015,25.424
21/03/2015,16.304
22/03/2015,18.782
23/03/2015,25.741
24/03/2015,24.161
25/03/2015,25.779
26/03/2015,20.415
27/03/2015,26.567
28/03/2015,19.242
29/03/2015,8.987
30/03/2015,22.235
31/03/2015,22.898
01/04/2015,23.677
02/04/2015,22.818
03/04/2015,11.503
04/04/2015,13.828
05/04/2015,19.685
06/04/2015,25.724
07/04/2015,29.525
08/04/2015,30.882
09/04/2015,31.671
10/04/2015,32.299
11/04/2015,25.415
12/04/2015,29.457
13/04/2015,28.203
14/04/2015,34.830
15/04/2015,37.709
16/04/2015,30.656
17/04/2015,30.001
18/04/2015,29.846
19/04/2015,19.906
20/04/2015,32.163
21/04/2015,35.103
22/04/2015,32.559
23/04/2015,32.935
24/04/2015,32.332
25/04/2015,25.441
26/04/2015,19.565
27/04/2015,30.735
28/04/2015,32.024
29/04/2015,26.197
30/04/2015,31.854
01/05/2015,29.822
02/05/2015,22.474
03/05/2015,21.375
04/05/2015,26.933
05/05/2015,26.633
06/05/2015,24.556
07/05/2015,31.283
08/05/2015,27.029
09/05/2015,27.995
10/05/2015,32.399
11/05/2015,33.872
12/05/2015,33.930
13/05/2015,36.877
14/05/2015,15.657
15/05/2015,32.522
16/05/2015,32.720
17/05/2015,31.506
18/05/2015,24.385
19/05/2015,28.408
20/05/2015,30.650
21/05/2015,34.922
22/05/2015,33.624
23/05/2015,23.989
24/05/2015,30.267
25/05/2015,29.607
26/05/2015,34.880
27/05/2015,36.496
28/05/2015,34.496
29/05/2015,26.155
30/05/2015,29.432
31/05/2015,15.075
01/06/2015,27.893
02/06/2015,28.070
03/06/2015,35.630
04/06/2015,39.687
05/06/2015,35.048
06/06/2015,33.088
07/06/2015,35.757
08/06/2015,32.745
09/06/2015,33.447
10/06/2015,35.862
11/06/2015,38.969
12/06/2015,35.367
13/06/2015,30.566
14/06/2015,25.402
15/06/2015,34.723
16/06/2015,38.166
17/06/2015,38.799
18/06/2015,38.875
19/06/2015,36.220
20/06/2015,26.546
21/06/2015,30.621
22/06/2015,29.711
23/06/2015,37.663
24/06/2015,39.183
25/06/2015,38.856
26/06/2015,37.281
27/06/2015,36.885
28/06/2015,25.846
29/06/2015,39.280
30/06/2015,43.582
01/07/2015,42.891
02/07/2015,38.467
03/07/2015,39.940
04/07/2015,38.640
05/07/2015,29.963
06/07/2015,38.895
07/07/2015,38.120
08/07/2015,41.921
09/07/2015,73.094
10/07/2015,43.266
11/07/2015,42.676
12/07/2015,23.498
13/07/2015,27.646
14/07/2015,35.600
15/07/2015,34.878
16/07/2015,39.609
17/07/2015,38.845
18/07/2015,38.906
19/07/2015,36.989
20/07/2015,32.140
21/07/2015,41.001
22/07/2015,38.133
23/07/2015,39.368
24/07/2015,16.135
25/07/2015,32.982
26/07/2015,12.497
27/07/2015,32.103
28/07/2015,36.310
29/07/2015,37.021
30/07/2015,36.350
31/07/2015,36.932
01/08/2015,43.492
02/08/2015,43.679
03/08/2015,35.609
04/08/2015,37.864
05/08/2015,39.010
06/08/2015,63.963
07/08/2015,39.788
08/08/2015,39.362
09/08/2015,40.758
10/08/2015,35.625
11/08/2015,34.567
12/08/2015,36.838
13/08/2015,26.185
14/08/2015,25.638
15/08/2015,34.137
16/08/2015,30.948
17/08/2015,36.003
18/08/2015,34.776
19/08/2015,31.903
20/08/2015,32.857
21/08/2015,36.329
22/08/2015,44.724
23/08/2015,27.202
24/08/2015,17.520
25/08/2015,28.401
26/08/2015,23.969
27/08/2015,30.856
28/08/2015,33.201
29/08/2015,22.828
30/08/2015,25.191
31/08/2015,9.709
01/09/2015,25.739
02/09/2015,30.313
03/09/2015,31.163
04/09/2015,29.913
05/09/2015,22.475
06/09/2015,29.539
07/09/2015,31.917
08/09/2015,32.968
09/09/2015,33.332
10/09/2015,35.956
11/09/2015,34.690
12/09/2015,29.143
13/09/2015,26.342
14/09/2015,25.923
15/09/2015,28.311
16/09/2015,18.764
17/09/2015,32.336
18/09/2015,30.124
19/09/2015,33.855
20/09/2015,31.380
21/09/2015,23.831
22/09/2015,20.567
23/09/2015,34.193
24/09/2015,29.537
25/09/2015,35.064
26/09/2015,32.955
27/09/2015,30.024
28/09/2015,33.341
29/09/2015,34.591
30/09/2015,35.143
01/10/2015,34.845
02/10/2015,35.782
03/10/2015,29.224
04/10/2015,30.096
05/10/2015,20.833
06/10/2015,25.972
07/10/2015,28.817
08/10/2015,33.877
09/10/2015,34.392
10/10/2015,29.683
11/10/2015,27.984
12/10/2015,31.469
13/10/2015,31.753
14/10/2015,30.815
15/10/2015,31.062
16/10/2015,30.295
17/10/2015,24.555
18/10/2015,23.282
19/10/2015,30.127
20/10/2015,32.949
21/10/2015,19.085
22/10/2015,30.539
23/10/2015,30.515
24/10/2015,17.058
25/10/2015,23.591
26/10/2015,30.606
27/10/2015,32.635
28/10/2015,24.040
29/10/2015,27.534
30/10/2015,24.195
31/10/2015,27.765
01/11/2015,23.085
02/11/2015,28.256
03/11/2015,30.911
04/11/2015,23.675
05/11/2015,24.685
06/11/2015,25.677
07/11/2015,15.031
08/11/2015,18.943
09/11/2015,28.623
10/11/2015,29.429
11/11/2015,30.049
12/11/2015,29.108
13/11/2015,25.410
14/11/2015,8.983
15/11/2015,17.711
16/11/2015,26.676
17/11/2015,23.773
18/11/2015,26.636
19/11/2015,23.852
20/11/2015,25.993
21/11/2015,12.847
22/11/2015,13.205
23/11/2015,24.070
24/11/2015,21.348
25/11/2015,26.187
26/11/2015,26.826
27/11/2015,23.667
28/11/2015,16.523
29/11/2015,11.453
30/11/2015,21.886
01/12/2015,26.714
02/12/2015,27.975
03/12/2015,26.038
04/12/2015,26.130
05/12/2015,16.667
06/12/2015,15.627
07/12/2015,25.897
08/12/2015,23.565
09/12/2015,27.739
10/12/2015,23.251
11/12/2015,23.439
12/12/2015,16.815
13/12/2015,12.364
14/12/2015,23.972
15/12/2015,20.310
16/12/2015,25.740
17/12/2015,25.977
18/12/2015,25.886
19/12/2015,18.883
20/12/2015,13.118
21/12/2015,18.239
22/12/2015,17.571
23/12/2015,18.568
24/12/2015,8.968
25/12/2015,22.871
26/12/2015,10.362
27/12/2015,9.507
28/12/2015,13.851
29/12/2015,15.717
30/12/2015,12.379
31/12/2015,14.024
01/01/2016,9.922
02/01/2016,7.246
03/01/2016,4.894
04/01/2016,20.644
05/01/2016,22.934
06/01/2016,23.199
07/01/2016,18.225
08/01/2016,20.948
09/01/2016,11.674
10/01/2016,14.447
11/01/2016,21.188
12/01/2016,22.924
13/01/2016,24.726
14/01/2016,22.266
15/01/2016,22.594
16/01/2016,16.258
17/01/2016,11.826
18/01/2016,22.905
19/01/2016,23.919
20/01/2016,23.919
21/01/2016,23.490
22/01/2016,18.431
23/01/2016,17.424
24/01/2016,16.474
25/01/2016,25.886
26/01/2016,20.329
27/01/2016,21.816
28/01/2016,25.490
29/01/2016,22.701
30/01/2016,16.528
31/01/2016,11.098
01/02/2016,23.742
02/02/2016,24.643
03/02/2016,24.601
04/02/2016,25.344
05/02/2016,22.806
06/02/2016,13.255
07/02/2016,14.219
08/02/2016,19.924
09/02/2016,23.460
10/02/2016,23.769
11/02/2016,25.393
12/02/2016,22.995
13/02/2016,9.948
14/02/2016,13.782
15/02/2016,21.918
16/02/2016,24.537
17/02/2016,19.168
18/02/2016,23.696
19/02/2016,22.300
20/02/2016,11.224
21/02/2016,14.745
22/02/2016,20.538
23/02/2016,25.832
24/02/2016,25.634
25/02/2016,24.296
26/02/2016,23.714
27/02/2016,14.871
28/02/2016,13.549
29/02/2016,23.738
01/03/2016,20.876
02/03/2016,20.775
03/03/2016,24.559
04/03/2016,24.179
05/03/2016,12.340
06/03/2016,12.591
07/03/2016,22.785
08/03/2016,23.308
09/03/2016,19.280
10/03/2016,23.648
11/03/2016,21.026
12/03/2016,21.834
13/03/2016,21.938
14/03/2016,25.597
15/03/2016,25.379
16/03/2016,25.489
17/03/2016,27.198
18/03/2016,23.210
19/03/2016,18.060
20/03/2016,17.163
21/03/2016,25.990
22/03/2016,29.312
23/03/2016,27.052
24/03/2016,19.477
25/03/2016,25.612
26/03/2016,11.211
27/03/2016,10.149
28/03/2016,10.316
29/03/2016,18.945
30/03/2016,26.700
31/03/2016,28.486
01/04/2016,27.310
02/04/2016,24.416
03/04/2016,21.068
04/04/2016,25.182
05/04/2016,30.155
06/04/2016,24.132
07/04/2016,22.338
08/04/2016,27.357
09/04/2016,19.858
10/04/2016,23.389
11/04/2016,24.162
12/04/2016,30.801
13/04/2016,30.285
14/04/2016,30.566
15/04/2016,15.919
16/04/2016,17.801
17/04/2016,18.274
18/04/2016,28.512
19/04/2016,33.719
20/04/2016,34.577
21/04/2016,31.937
22/04/2016,20.532
23/04/2016,22.060
24/04/2016,18.873
25/04/2016,24.389
26/04/2016,27.862
27/04/2016,28.431
28/04/2016,28.901
29/04/2016,25.658
30/04/2016,24.844
01/05/2016,29.664
02/05/2016,19.598
03/05/2016,32.037
04/05/2016,36.514
05/05/2016,39.104
06/05/2016,40.117
07/05/2016,44.532
08/05/2016,45.301
09/05/2016,30.821
10/05/2016,21.673
11/05/2016,27.922
12/05/2016,38.525
13/05/2016,35.109
14/05/2016,30.442
15/05/2016,34.725
16/05/2016,37.441
17/05/2016,36.810
18/05/2016,24.335
19/05/2016,34.655
20/05/2016,36.101
21/05/2016,26.785
22/05/2016,31.115
23/05/2016,35.451
24/05/2016,36.580
25/05/2016,31.919
26/05/2016,37.442
27/05/2016,36.133
28/05/2016,31.301
29/05/2016,31.246
30/05/2016,24.041
31/05/2016,16.227
01/06/2016,27.156
02/06/2016,29.162
03/06/2016,29.580
04/06/2016,30.140
05/06/2016,40.836
06/06/2016,39.528
07/06/2016,35.137
08/06/2016,34.588
09/06/2016,41.546
10/06/2016,40.139
11/06/2016,29.018
12/06/2016,18.109
13/06/2016,27.571
14/06/2016,30.218
15/06/2016,37.704
16/06/2016,31.406
17/06/2016,32.018
18/06/2016,29.692
19/06/2016,31.372
20/06/2016,22.309
21/06/2016,39.003
22/06/2016,36.628
23/06/2016,25.129
24/06/2016,36.530
25/06/2016,26.357
26/06/2016,29.597
27/06/2016,33.695
28/06/2016,31.701
29/06/2016,31.496
30/06/2016,35.867
01/07/2016,28.108
02/07/2016,30.802
03/07/2016,34.195
04/07/2016,37.628
05/07/2016,40.955
06/07/2016,42.871
07/07/2016,39.670
08/07/2016,37.311
09/07/2016,34.525
10/07/2016,29.556
11/07/2016,32.781
12/07/2016,30.186
13/07/2016,36.128
14/07/2016,40.364
15/07/2016,37.045
16/07/2016,38.916
17/07/2016,38.340
18/07/2016,43.497
19/07/2016,46.625
20/07/2016,45.156
21/07/2016,41.731
22/07/2016,36.401
23/07/2016,42.121
24/07/2016,39.070
25/07/2016,40.999
26/07/2016,42.528
27/07/2016,33.646
28/07/2016,39.009
29/07/2016,35.737
30/07/2016,46.251
31/07/2016,46.276
01/08/2016,30.074
02/08/2016,28.949
03/08/2016,40.683
04/08/2016,39.488
05/08/2016,40.570
06/08/2016,42.579
07/08/2016,38.620
08/08/2016,38.117
09/08/2016,40.052
10/08/2016,38.917
11/08/2016,38.034
12/08/2016,40.645
13/08/2016,43.792
14/08/2016,44.648
15/08/2016,41.764
16/08/2016,40.899
17/08/2016,42.879
18/08/2016,39.379
19/08/2016,25.862
20/08/2016,24.712
21/08/2016,28.625
22/08/2016,36.064
23/08/2016,42.558
24/08/2016,41.088
25/08/2016,38.191
26/08/2016,38.222
27/08/2016,32.656
28/08/2016,26.325
29/08/2016,34.665
30/08/2016,39.992
31/08/2016,39.344
01/09/2016,40.302
02/09/2016,34.661
03/09/2016,23.805
04/09/2016,27.901
05/09/2016,28.210
06/09/2016,37.982
07/09/2016,40.232
08/09/2016,41.004
09/09/2016,36.554
10/09/2016,17.308
11/09/2016,39.906
12/09/2016,39.687
13/09/2016,44.035
14/09/2016,44.909
15/09/2016,42.598
16/09/2016,22.204
17/09/2016,27.548
18/09/2016,29.830
19/09/2016,33.401
20/09/2016,37.658
21/09/2016,40.646
22/09/2016,38.411
23/09/2016,38.963
24/09/2016,36.243
25/09/2016,30.015
26/09/2016,35.059
27/09/2016,36.094
28/09/2016,38.893
29/09/2016,34.840
30/09/2016,34.140
01/10/2016,17.832
02/10/2016,27.335
03/10/2016,35.892
04/10/2016,37.162
05/10/2016,36.314
06/10/2016,35.332
07/10/2016,33.361
08/10/2016,27.236
09/10/2016,25.390
10/10/2016,33.045
11/10/2016,35.254
12/10/2016,32.552
13/10/2016,30.762
14/10/2016,32.637
15/10/2016,23.773
16/10/2016,18.685
17/10/2016,29.007
18/10/2016,33.062
19/10/2016,33.953
20/10/2016,32.624
21/10/2016,30.838
22/10/2016,26.322
23/10/2016,23.812
24/10/2016,30.329
25/10/2016,33.313
26/10/2016,34.322
27/10/2016,34.203
28/10/2016,33.769
29/10/2016,28.114
30/10/2016,24.166
31/10/2016,34.747
01/11/2016,32.334
02/11/2016,32.316
03/11/2016,31.111
04/11/2016,22.143
05/11/2016,19.649
06/11/2016,13.576
07/11/2016,17.329
08/11/2016,26.382
09/11/2016,18.878
10/11/2016,26.075
11/11/2016,28.088
12/11/2016,9.709
13/11/2016,19.258
14/11/2016,24.824
15/11/2016,28.810
16/11/2016,27.646
17/11/2016,27.692
18/11/2016,26.884
19/11/2016,18.288
20/11/2016,10.704
21/11/2016,19.374
22/11/2016,27.723
23/11/2016,29.047
24/11/2016,28.091
25/11/2016,27.692
26/11/2016,19.805
27/11/2016,15.628
28/11/2016,26.980
29/11/2016,27.847
30/11/2016,27.119
01/12/2016,26.431
02/12/2016,26.223
03/12/2016,18.120
04/12/2016,15.448
05/12/2016,26.456
06/12/2016,28.347
07/12/2016,29.735
08/12/2016,28.632
09/12/2016,30.076
10/12/2016,15.054
11/12/2016,17.713
12/12/2016,25.476
13/12/2016,26.747
14/12/2016,29.130
15/12/2016,28.449
16/12/2016,27.926
17/12/2016,17.473
18/12/2016,15.152
19/12/2016,23.736
20/12/2016,25.106
21/12/2016,23.329
22/12/2016,21.659
23/12/2016,14.534
24/12/2016,7.978
25/12/2016,37.401
26/12/2016,11.637
27/12/2016,11.003
28/12/2016,12.530
29/12/2016,14.206
30/12/2016,11.684
31/12/2016,11.584
01/01/2017,6.534
02/01/2017,11.954
03/01/2017,19.622
04/01/2017,22.122
05/01/2017,23.580
06/01/2017,18.973
07/01/2017,13.879
08/01/2017,13.506
09/01/2017,38.042
10/01/2017,28.106
11/01/2017,28.270
12/01/2017,17.109
13/01/2017,20.963
14/01/2017,13.766
15/01/2017,6.752
16/01/2017,19.230
17/01/2017,27.281
18/01/2017,27.194
19/01/2017,26.826
20/01/2017,25.125
21/01/2017,17.552
22/01/2017,15.628
23/01/2017,23.280
24/01/2017,26.611
25/01/2017,25.175
26/01/2017,23.831
27/01/2017,23.387
28/01/2017,17.523
29/01/2017,9.078
30/01/2017,24.969
31/01/2017,22.623
01/02/2017,23.181
02/02/2017,25.601
03/02/2017,23.231
04/02/2017,17.324
05/02/2017,14.570
06/02/2017,24.312
07/02/2017,27.156
08/02/2017,25.770
09/02/2017,22.900
10/02/2017,18.673
11/02/2017,9.394
12/02/2017,10.272
13/02/2017,24.159
14/02/2017,26.649
15/02/2017,24.330
16/02/2017,26.649
17/02/2017,25.883
18/02/2017,21.292
19/02/2017,19.169
20/02/2017,28.665
21/02/2017,28.929
22/02/2017,27.290
23/02/2017,22.520
24/02/2017,26.832
25/02/2017,14.132
26/02/2017,14.911
27/02/2017,20.001
28/02/2017,24.755
01/03/2017,24.746
02/03/2017,26.938
03/03/2017,22.914
04/03/2017,21.546
05/03/2017,10.593
06/03/2017,26.917
07/03/2017,29.174
08/03/2017,24.440
09/03/2017,31.113
10/03/2017,28.126
11/03/2017,30.560
12/03/2017,15.850
13/03/2017,32.177
14/03/2017,30.857
15/03/2017,34.548
16/03/2017,31.876
17/03/2017,26.481
18/03/2017,7.771
19/03/2017,19.335
20/03/2017,24.145
21/03/2017,30.182
22/03/2017,23.725
23/03/2017,27.639
24/03/2017,27.578
25/03/2017,28.374
26/03/2017,24.090
27/03/2017,30.887
28/03/2017,32.314
29/03/2017,29.907
30/03/2017,34.219
31/03/2017,30.730
01/04/2017,28.237
02/04/2017,31.064
03/04/2017,34.287
04/04/2017,30.887
05/04/2017,33.985
06/04/2017,36.003
07/04/2017,35.434
08/04/2017,38.878
09/04/2017,42.854
10/04/2017,31.158
11/04/2017,35.436
12/04/2017,32.570
13/04/2017,30.343
14/04/2017,22.357
15/04/2017,24.627
16/04/2017,23.090
17/04/2017,20.130
18/04/2017,29.490
19/04/2017,32.500
20/04/2017,33.546
21/04/2017,31.510
22/04/2017,28.323
23/04/2017,28.736
24/04/2017,28.500
25/04/2017,32.383
26/04/2017,28.360
27/04/2017,26.727
28/04/2017,30.390
29/04/2017,28.450
30/04/2017,27.461
01/05/2017,18.493
02/05/2017,32.945
03/05/2017,27.191
04/05/2017,31.200
05/05/2017,31.355
06/05/2017,29.020
07/05/2017,28.491
08/05/2017,30.426
09/05/2017,33.211
10/05/2017,36.305
11/05/2017,33.911
12/05/2017,32.618
13/05/2017,29.539
14/05/2017,30.145
15/05/2017,25.882
16/05/2017,35.964
17/05/2017,18.926
18/05/2017,23.268
19/05/2017,28.730
20/05/2017,26.825
21/05/2017,33.728
22/05/2017,40.021
23/05/2017,39.259
24/05/2017,41.644
25/05/2017,43.528
26/05/2017,43.701
27/05/2017,35.354
28/05/2017,27.909
29/05/2017,26.476
30/05/2017,37.517
31/05/2017,39.019
01/06/2017,42.514
02/06/2017,34.459
03/06/2017,38.635
04/06/2017,30.840
05/06/2017,30.846
06/06/2017,17.387
07/06/2017,34.819
08/06/2017,32.751
09/06/2017,33.705
10/06/2017,36.788
11/06/2017,32.997
12/06/2017,36.114
13/06/2017,41.337
14/06/2017,44.762
15/06/2017,42.249
16/06/2017,40.288
17/06/2017,41.719
18/06/2017,38.577
19/06/2017,41.624
20/06/2017,43.185
21/06/2017,43.885
22/06/2017,39.708
23/06/2017,40.025
24/06/2017,30.271
25/06/2017,31.012
26/06/2017,42.096
27/06/2017,24.206
28/06/2017,33.008
29/06/2017,38.137
30/06/2017,40.350
01/07/2017,36.183
02/07/2017,42.875
03/07/2017,39.970
04/07/2017,43.784
05/07/2017,46.035
06/07/2017,44.386
07/07/2017,43.547
08/07/2017,40.196
09/07/2017,38.912
10/07/2017,41.086
11/07/2017,25.955
12/07/2017,38.377
13/07/2017,42.082
14/07/2017,38.932
15/07/2017,30.690
16/07/2017,31.595
17/07/2017,41.811
18/07/2017,41.804
19/07/2017,39.340
20/07/2017,37.164
21/07/2017,37.967
22/07/2017,16.392
23/07/2017,26.432
24/07/2017,32.515
25/07/2017,41.029
26/07/2017,33.566
27/07/2017,32.588
28/07/2017,32.857
29/07/2017,23.334
30/07/2017,31.893
31/07/2017,38.541
01/08/2017,39.837
02/08/2017,27.123
03/08/2017,34.430
04/08/2017,34.893
05/08/2017,27.715
06/08/2017,31.536
07/08/2017,32.303
08/08/2017,33.854
09/08/2017,11.525
10/08/2017,35.707
11/08/2017,34.462
12/08/2017,31.034
13/08/2017,34.928
14/08/2017,35.979
15/08/2017,38.181
16/08/2017,37.037
17/08/2017,31.947
18/08/2017,28.252
19/08/2017,29.156
20/08/2017,25.270
21/08/2017,27.725
22/08/2017,33.327
23/08/2017,34.439
24/08/2017,34.548
25/08/2017,35.108
26/08/2017,31.442
27/08/2017,33.657
28/08/2017,34.862
29/08/2017,35.427
30/08/2017,22.542
31/08/2017,35.953
01/09/2017,36.194
02/09/2017,35.246
03/09/2017,21.934
04/09/2017,28.710
05/09/2017,32.336
06/09/2017,36.559
07/09/2017,35.614
08/09/2017,23.199
09/09/2017,28.349
10/09/2017,21.298
11/09/2017,26.886
12/09/2017,32.569
13/09/2017,32.583
14/09/2017,33.252
15/09/2017,31.628
16/09/2017,26.166
17/09/2017,25.300
18/09/2017,30.718
19/09/2017,34.917
20/09/2017,35.149
21/09/2017,31.174
22/09/2017,36.125
23/09/2017,30.654
24/09/2017,32.726
25/09/2017,30.066
26/09/2017,37.394
27/09/2017,34.694
28/09/2017,35.526
29/09/2017,28.782
30/09/2017,29.003
01/10/2017,22.814
02/10/2017,33.891
03/10/2017,37.187
04/10/2017,36.798
05/10/2017,34.779
06/10/2017,35.344
07/10/2017,25.505
08/10/2017,28.830
09/10/2017,34.182
10/10/2017,35.961
11/10/2017,32.760
12/10/2017,36.372
13/10/2017,34.229
14/10/2017,32.123
15/10/2017,32.696
16/10/2017,34.787
17/10/2017,35.199
18/10/2017,27.348
19/10/2017,31.069
20/10/2017,31.306
21/10/2017,22.475
22/10/2017,21.013
23/10/2017,30.604
24/10/2017,33.732
25/10/2017,36.064
26/10/2017,28.423
27/10/2017,34.654
28/10/2017,26.633
29/10/2017,22.228
30/10/2017,31.364
31/10/2017,33.312
01/11/2017,34.747
02/11/2017,34.290
03/11/2017,34.716
04/11/2017,17.801
05/11/2017,21.588
06/11/2017,30.663
07/11/2017,27.314
08/11/2017,29.455
09/11/2017,31.374
10/11/2017,28.480
11/11/2017,16.679
12/11/2017,16.460
13/11/2017,29.301
14/11/2017,29.355
15/11/2017,30.564
16/11/2017,31.112
17/11/2017,29.876
18/11/2017,12.976
19/11/2017,18.874
20/11/2017,25.998
21/11/2017,31.316
22/11/2017,31.315
23/11/2017,30.147
24/11/2017,28.930
25/11/2017,17.691
26/11/2017,15.229
27/11/2017,24.324
28/11/2017,28.202
29/11/2017,27.319
30/11/2017,25.986
01/12/2017,24.321
02/12/2017,16.887
03/12/2017,12.773
04/12/2017,27.613
05/12/2017,29.611
06/12/2017,29.058
07/12/2017,24.810
08/12/2017,24.431
09/12/2017,15.509
10/12/2017,5.143
11/12/2017,13.055
12/12/2017,22.780
13/12/2017,20.074
14/12/2017,24.064
15/12/2017,21.107
16/12/2017,12.229
17/12/2017,7.519
18/12/2017,23.414
19/12/2017,22.935
20/12/2017,21.801
21/12/2017,20.945
22/12/2017,17.124
23/12/2017,9.725
24/12/2017,7.498
25/12/2017,27.305
26/12/2017,7.149
27/12/2017,5.426
28/12/2017,11.236
29/12/2017,8.346
30/12/2017,10.908
31/12/2017,9.292
01/01/2018,10.235
02/01/2018,14.394
03/01/2018,20.265
04/01/2018,17.543
05/01/2018,21.759
06/01/2018,13.920
07/01/2018,12.259
08/01/2018,23.374
09/01/2018,24.683
10/01/2018,26.787
11/01/2018,25.222
12/01/2018,24.696
13/01/2018,17.512
14/01/2018,15.070
15/01/2018,19.161
16/01/2018,26.921
17/01/2018,26.934
18/01/2018,26.471
19/01/2018,25.799
20/01/2018,9.398
21/01/2018,5.859
22/01/2018,26.337
23/01/2018,26.003
24/01/2018,20.206
25/01/2018,28.189
26/01/2018,26.430
27/01/2018,14.472
28/01/2018,17.512
29/01/2018,26.371
30/01/2018,28.002
31/01/2018,24.117
01/02/2018,25.525
02/02/2018,25.331
03/02/2018,8.975
04/02/2018,13.833
05/02/2018,23.898
06/02/2018,25.349
07/02/2018,25.388
08/02/2018,25.791
09/02/2018,21.037
10/02/2018,9.956
11/02/2018,14.621
12/02/2018,24.719
13/02/2018,20.931
14/02/2018,18.866
15/02/2018,25.264
16/02/2018,25.411
17/02/2018,23.169
18/02/2018,18.624
19/02/2018,19.879
20/02/2018,25.055
21/02/2018,26.434
22/02/2018,26.179
23/02/2018,23.067
24/02/2018,16.522
25/02/2018,14.037
26/02/2018,19.204
27/02/2018,18.741
28/02/2018,10.619
01/03/2018,8.744
02/03/2018,8.234
03/03/2018,7.924
04/03/2018,10.853
05/03/2018,24.818
06/03/2018,26.301
07/03/2018,22.044
08/03/2018,25.967
09/03/2018,18.912
10/03/2018,18.717
11/03/2018,16.259
12/03/2018,19.996
13/03/2018,28.069
14/03/2018,28.769
15/03/2018,25.318
16/03/2018,28.308
17/03/2018,8.106
18/03/2018,6.624
19/03/2018,20.488
20/03/2018,24.582
21/03/2018,27.719
22/03/2018,27.228
23/03/2018,26.894
24/03/2018,18.804
25/03/2018,19.723
26/03/2018,29.486
27/03/2018,22.603
28/03/2018,15.800
29/03/2018,20.237
30/03/2018,6.362
31/03/2018,11.032
01/04/2018,13.504
02/04/2018,7.998
03/04/2018,22.708
04/04/2018,23.173
05/04/2018,30.508
06/04/2018,30.690
07/04/2018,25.909
08/04/2018,9.759
09/04/2018,16.324
10/04/2018,26.751
11/04/2018,24.883
12/04/2018,26.473
13/04/2018,27.363
14/04/2018,34.235
15/04/2018,21.324
16/04/2018,30.730
17/04/2018,33.025
18/04/2018,40.544
19/04/2018,43.585
20/04/2018,45.048
21/04/2018,42.328
22/04/2018,38.395
23/04/2018,35.940
24/04/2018,33.430
25/04/2018,33.426
26/04/2018,34.995
27/04/2018,21.387
28/04/2018,17.368
29/04/2018,15.822
30/04/2018,17.112
01/05/2018,34.598
02/05/2018,23.727
03/05/2018,35.477
04/05/2018,36.447
05/05/2018,39.070
06/05/2018,40.606
07/05/2018,45.435
08/05/2018,41.579
09/05/2018,41.130
10/05/2018,38.054
11/05/2018,38.386
12/05/2018,16.717
13/05/2018,29.190
14/05/2018,38.095
15/05/2018,42.106
16/05/2018,34.627
17/05/2018,37.549
18/05/2018,37.305
19/05/2018,36.895
20/05/2018,39.964
21/05/2018,38.800
22/05/2018,41.242
23/05/2018,38.229
24/05/2018,31.970
25/05/2018,35.108
26/05/2018,33.573
27/05/2018,33.192
28/05/2018,36.742
29/05/2018,24.312
30/05/2018,34.884
31/05/2018,37.677
01/06/2018,37.293
02/06/2018,38.293
03/06/2018,39.871
04/06/2018,35.255
05/06/2018,37.048
06/06/2018,41.592
07/06/2018,37.841
08/06/2018,39.576
09/06/2018,36.466
10/06/2018,38.562
11/06/2018,41.027
12/06/2018,38.487
13/06/2018,40.569
14/06/2018,37.871
15/06/2018,39.862
16/06/2018,31.329
17/06/2018,26.769
18/06/2018,39.768
19/06/2018,41.862
20/06/2018,41.134
21/06/2018,41.533
22/06/2018,41.765
23/06/2018,38.772
24/06/2018,38.982
25/06/2018,44.565
26/06/2018,46.084
27/06/2018,44.788
28/06/2018,43.075
29/06/2018,43.081
30/06/2018,38.522
01/07/2018,37.334
02/07/2018,42.556
03/07/2018,44.655
04/07/2018,43.511
05/07/2018,44.052
06/07/2018,43.143
07/07/2018,36.308
08/07/2018,38.196
09/07/2018,41.893
10/07/2018,43.535
11/07/2018,44.003
12/07/2018,41.826
13/07/2018,38.879
14/07/2018,37.733
15/07/2018,37.299
16/07/2018,41.828
17/07/2018,43.392
18/07/2018,43.183
19/07/2018,42.857
20/07/2018,40.297
21/07/2018,38.763
22/07/2018,37.683
23/07/2018,42.509
24/07/2018,44.195
25/07/2018,44.870
26/07/2018,43.343
27/07/2018,34.606
28/07/2018,41.145
29/07/2018,18.974
30/07/2018,38.274
31/07/2018,42.260
01/08/2018,43.691
02/08/2018,43.292
03/08/2018,40.908
04/08/2018,39.318
05/08/2018,40.220
06/08/2018,41.963
07/08/2018,40.954
08/08/2018,42.676
09/08/2018,20.574
10/08/2018,29.253
11/08/2018,33.214
12/08/2018,23.113
13/08/2018,36.510
14/08/2018,40.735
15/08/2018,40.930
16/08/2018,28.400
17/08/2018,36.869
18/08/2018,31.691
19/08/2018,32.209
20/08/2018,37.839
21/08/2018,40.293
22/08/2018,38.401
23/08/2018,34.492
24/08/2018,27.839
25/08/2018,25.490
26/08/2018,8.177
27/08/2018,25.059
28/08/2018,34.791
29/08/2018,27.070
30/08/2018,37.001
31/08/2018,35.209
01/09/2018,35.326
02/09/2018,35.048
03/09/2018,36.068
04/09/2018,36.581
05/09/2018,36.059
06/09/2018,34.778
07/09/2018,35.451
08/09/2018,28.318
09/09/2018,30.598
10/09/2018,36.965
11/09/2018,37.221
12/09/2018,33.403
13/09/2018,38.708
14/09/2018,35.332
15/09/2018,33.465
16/09/2018,32.055
17/09/2018,39.190
18/09/2018,38.360
19/09/2018,37.027
20/09/2018,35.317
21/09/2018,32.942
22/09/2018,12.376
23/09/2018,13.192
24/09/2018,34.563
25/09/2018,36.730
26/09/2018,39.281
27/09/2018,39.835
28/09/2018,35.817
29/09/2018,32.941
30/09/2018,25.254
01/10/2018,34.411
02/10/2018,37.515
03/10/2018,38.434
04/10/2018,36.930
05/10/2018,39.569
06/10/2018,10.043
07/10/2018,25.713
08/10/2018,35.156
09/10/2018,39.132
10/10/2018,39.398
11/10/2018,35.875
12/10/2018,35.747
13/10/2018,36.393
14/10/2018,10.292
15/10/2018,28.044
16/10/2018,37.920
17/10/2018,30.482
18/10/2018,35.206
19/10/2018,34.707
20/10/2018,32.588
21/10/2018,32.484
22/10/2018,34.430
23/10/2018,34.889
24/10/2018,35.656
25/10/2018,34.640
26/10/2018,27.636
27/10/2018,18.756
28/10/2018,13.675
29/10/2018,29.409
30/10/2018,30.269
31/10/2018,32.891
01/11/2018,23.475
02/11/2018,31.083
03/11/2018,25.142
04/11/2018,21.829
05/11/2018,31.421
06/11/2018,33.038
07/11/2018,27.656
08/11/2018,32.933
09/11/2018,27.403
10/11/2018,14.732
11/11/2018,18.455
12/11/2018,26.077
13/11/2018,32.062
14/11/2018,33.339
15/11/2018,33.043
16/11/2018,28.581
17/11/2018,20.518
18/11/2018,9.585
19/11/2018,18.246
20/11/2018,15.237
21/11/2018,25.022
22/11/2018,26.112
23/11/2018,25.881
24/11/2018,15.813
25/11/2018,14.529
26/11/2018,27.509
27/11/2018,22.128
28/11/2018,22.846
29/11/2018,25.714
30/11/2018,28.615
01/12/2018,14.046
02/12/2018,15.990
03/12/2018,25.801
04/12/2018,28.982
05/12/2018,23.816
06/12/2018,16.600
07/12/2018,18.608
08/12/2018,16.515
09/12/2018,15.441
10/12/2018,27.880
11/12/2018,28.904
12/12/2018,27.494
13/12/2018,25.997
14/12/2018,24.076
15/12/2018,8.076
16/12/2018,12.123
17/12/2018,24.973
18/12/2018,20.180
19/12/2018,22.425
20/12/2018,23.694
21/12/2018,19.169
22/12/2018,13.310
23/12/2018,6.748
24/12/2018,10.043
25/12/2018,35.267
26/12/2018,10.841
27/12/2018,12.310
28/12/2018,13.794
29/12/2018,13.100
30/12/2018,12.922
31/12/2018,16.305
01/01/2019,14.148
02/01/2019,19.746
03/01/2019,21.552
04/01/2019,20.863
05/01/2019,13.907
06/01/2019,14.262
07/01/2019,25.668
08/01/2019,27.757
09/01/2019,26.568
10/01/2019,26.022
11/01/2019,26.378
12/01/2019,16.750
13/01/2019,16.304
14/01/2019,28.097
15/01/2019,29.413
16/01/2019,24.500
17/01/2019,26.053
18/01/2019,25.525
19/01/2019,16.653
20/01/2019,16.803
21/01/2019,26.567
22/01/2019,23.083
23/01/2019,25.406
24/01/2019,24.357
25/01/2019,24.198
26/01/2019,15.062
27/01/2019,10.596
28/01/2019,25.859
29/01/2019,24.732
30/01/2019,25.482
31/01/2019,23.487
01/02/2019,12.841
02/02/2019,14.136
03/02/2019,14.637
04/02/2019,18.254
05/02/2019,25.682
06/02/2019,26.197
07/02/2019,26.703
08/02/2019,17.468
09/02/2019,17.439
10/02/2019,10.800
11/02/2019,27.439
12/02/2019,28.786
13/02/2019,29.145
14/02/2019,29.270
15/02/2019,28.838
16/02/2019,20.560
17/02/2019,24.383
18/02/2019,23.815
19/02/2019,28.927
20/02/2019,28.971
21/02/2019,30.474
22/02/2019,29.703
23/02/2019,29.242
24/02/2019,26.092
25/02/2019,31.480
26/02/2019,34.996
27/02/2019,35.420
28/02/2019,27.219
01/03/2019,28.255
02/03/2019,22.795
03/03/2019,9.641
04/03/2019,26.532
05/03/2019,29.701
06/03/2019,25.449
07/03/2019,24.884
08/03/2019,23.635
09/03/2019,19.951
10/03/2019,12.111
11/03/2019,27.725
12/03/2019,21.718
13/03/2019,26.816
14/03/2019,23.699
15/03/2019,26.123
16/03/2019,14.594
17/03/2019,14.390
18/03/2019,27.824
19/03/2019,27.683
20/03/2019,30.485
21/03/2019,31.307
22/03/2019,28.229
23/03/2019,25.897
24/03/2019,27.408
25/03/2019,31.215
26/03/2019,31.955
27/03/2019,31.263
28/03/2019,32.315
29/03/2019,35.321
30/03/2019,33.026
31/03/2019,20.325
01/04/2019,31.834
02/04/2019,24.529
03/04/2019,27.059
04/04/2019,25.493
05/04/2019,27.536
06/04/2019,20.423
07/04/2019,16.897
08/04/2019,26.527
09/04/2019,25.534
10/04/2019,31.699
11/04/2019,30.961
12/04/2019,27.403
13/04/2019,19.856
14/04/2019,20.896
15/04/2019,30.837
16/04/2019,31.842
17/04/2019,37.203
18/04/2019,36.574
19/04/2019,36.505
20/04/2019,38.712
21/04/2019,36.686
22/04/2019,35.435
23/04/2019,34.948
24/04/2019,34.593
25/04/2019,34.494
26/04/2019,32.006
27/04/2019,18.379
28/04/2019,22.631
29/04/2019,33.748
30/04/2019,38.908
01/05/2019,37.952
02/05/2019,32.563
03/05/2019,28.182
04/05/2019,19.806
05/05/2019,22.896
06/05/2019,22.472
07/05/2019,34.646
08/05/2019,20.276
09/05/2019,28.404
10/05/2019,34.078
11/05/2019,25.475
12/05/2019,31.836
13/05/2019,37.537
14/05/2019,39.647
15/05/2019,39.054
16/05/2019,38.408
17/05/2019,29.846
18/05/2019,28.138
19/05/2019,26.727
20/05/2019,36.072
21/05/2019,41.251
22/05/2019,40.312
23/05/2019,41.314
24/05/2019,37.280
25/05/2019,33.151
26/05/2019,26.802
27/05/2019,28.309
28/05/2019,34.443
29/05/2019,31.203
30/05/2019,39.450
31/05/2019,39.017
01/06/2019,40.800
02/06/2019,33.865
03/06/2019,37.306
04/06/2019,31.948
05/06/2019,38.033
06/06/2019,38.141
07/06/2019,25.122
08/06/2019,26.656
09/06/2019,29.311
10/06/2019,13.358
11/06/2019,34.285
12/06/2019,25.449
13/06/2019,26.617
14/06/2019,33.837
15/06/2019,28.235
16/06/2019,26.102
17/06/2019,38.894
18/06/2019,29.854
19/06/2019,33.190
20/06/2019,38.345
21/06/2019,38.656
22/06/2019,36.858
23/06/2019,30.851
24/06/2019,38.617
25/06/2019,38.200
26/06/2019,39.620
27/06/2019,41.692
28/06/2019,39.986
29/06/2019,38.616
30/06/2019,33.990
01/07/2019,39.257
02/07/2019,42.658
03/07/2019,43.924
04/07/2019,44.668
05/07/2019,42.466
06/07/2019,34.018
07/07/2019,29.889
08/07/2019,39.670
09/07/2019,41.447
10/07/2019,42.343
11/07/2019,41.916
12/07/2019,41.305
13/07/2019,36.204
14/07/2019,27.858
15/07/2019,39.489
16/07/2019,43.693
17/07/2019,41.959
18/07/2019,34.240
19/07/2019,25.620
20/07/2019,31.351
21/07/2019,33.251
22/07/2019,40.842
23/07/2019,44.457
24/07/2019,42.296
25/07/2019,39.323
26/07/2019,31.517
27/07/2019,19.950
28/07/2019,29.319
29/07/2019,41.472
30/07/2019,27.449
31/07/2019,38.299
01/08/2019,39.898
02/08/2019,38.278
03/08/2019,39.388
04/08/2019,34.341
05/08/2019,34.041
06/08/2019,39.369
07/08/2019,37.776
08/08/2019,40.667
09/08/2019,30.719
10/08/2019,25.956
11/08/2019,29.952
12/08/2019,29.570
13/08/2019,39.534
14/08/2019,19.154
15/08/2019,38.018
16/08/2019,23.388
17/08/2019,29.360
18/08/2019,24.122
19/08/2019,33.048
20/08/2019,39.255
21/08/2019,38.251
22/08/2019,38.056
23/08/2019,35.995
24/08/2019,30.776
25/08/2019,31.355
26/08/2019,33.150
27/08/2019,37.597
28/08/2019,36.576
29/08/2019,38.337
30/08/2019,37.147
31/08/2019,30.847
01/09/2019,29.486
02/09/2019,35.280
03/09/2019,37.229
04/09/2019,33.933
05/09/2019,36.722
06/09/2019,31.798
07/09/2019,28.038
08/09/2019,27.969
09/09/2019,29.440
10/09/2019,36.814
11/09/2019,35.787
12/09/2019,38.252
13/09/2019,37.354
14/09/2019,34.966
15/09/2019,33.698
16/09/2019,32.747
17/09/2019,39.025
18/09/2019,38.751
19/09/2019,38.271
20/09/2019,37.699
21/09/2019,36.479
22/09/2019,24.154
23/09/2019,30.941
24/09/2019,21.563
25/09/2019,32.427
26/09/2019,28.976
27/09/2019,29.557
28/09/2019,24.960
29/09/2019,15.478
30/09/2019,27.787
01/10/2019,24.631
02/10/2019,33.923
03/10/2019,32.707
04/10/2019,32.314
05/10/2019,26.578
06/10/2019,21.690
07/10/2019,28.418
08/10/2019,32.894
09/10/2019,34.874
10/10/2019,35.641
11/10/2019,25.222
12/10/2019,10.047
13/10/2019,16.040
14/10/2019,22.519
15/10/2019,34.372
16/10/2019,30.763
17/10/2019,30.259
18/10/2019,29.675
19/10/2019,25.400
20/10/2019,20.545
21/10/2019,24.215
22/10/2019,33.916
23/10/2019,31.786
24/10/2019,23.489
25/10/2019,28.988
26/10/2019,14.397
27/10/2019,22.155
28/10/2019,30.208
29/10/2019,31.225
30/10/2019,32.157
31/10/2019,30.951
01/11/2019,25.128
02/11/2019,14.557
03/11/2019,18.356
04/11/2019,29.198
05/11/2019,31.016
06/11/2019,30.745
07/11/2019,30.244
08/11/2019,26.194
09/11/2019,12.350
10/11/2019,18.491
11/11/2019,28.080
12/11/2019,27.391
13/11/2019,29.661
14/11/2019,28.649
15/11/2019,21.318
16/11/2019,18.553
17/11/2019,18.082
18/11/2019,28.521
19/11/2019,28.760
20/11/2019,29.437
21/11/2019,27.064
22/11/2019,24.865
23/11/2019,14.904
24/11/2019,15.599
25/11/2019,25.722
26/11/2019,26.982
27/11/2019,26.575
28/11/2019,26.030
29/11/2019,28.463
30/11/2019,18.176
01/12/2019,14.242
02/12/2019,27.306
03/12/2019,29.645
04/12/2019,29.458
05/12/2019,28.547
06/12/2019,21.917
07/12/2019,19.235
08/12/2019,15.139
09/12/2019,27.089
10/12/2019,24.198
11/12/2019,27.414
12/12/2019,19.740
13/12/2019,23.189
14/12/2019,14.862
15/12/2019,14.077
16/12/2019,24.344
17/12/2019,19.747
18/12/2019,24.745
19/12/2019,21.679
20/12/2019,14.451
21/12/2019,9.370
22/12/2019,10.407
23/12/2019,15.878
24/12/2019,10.478
25/12/2019,34.674
26/12/2019,5.649
27/12/2019,11.718
28/12/2019,11.414
29/12/2019,12.256
30/12/2019,16.166
31/12/2019,13.043
01/01/2020,11.152
02/01/2020,18.682
03/01/2020,18.437
04/01/2020,15.702
05/01/2020,12.978
06/01/2020,23.773
07/01/2020,27.554
08/01/2020,28.269
09/01/2020,26.628
10/01/2020,26.848
11/01/2020,18.219
12/01/2020,16.502
13/01/2020,23.839
14/01/2020,23.020
15/01/2020,22.499
16/01/2020,26.303
17/01/2020,25.811
18/01/2020,19.817
19/01/2020,17.922
20/01/2020,28.250
21/01/2020,28.832
22/01/2020,27.725
23/01/2020,28.420
24/01/2020,26.419
25/01/2020,18.206
26/01/2020,12.854
27/01/2020,23.486
28/01/2020,28.218
29/01/2020,28.959
30/01/2020,27.971
31/01/2020,26.378
01/02/2020,20.293
02/02/2020,16.220
03/02/2020,28.267
04/02/2020,29.473
05/02/2020,29.710
06/02/2020,29.481
07/02/2020,28.238
08/02/2020,21.810
09/02/2020,6.479
10/02/2020,21.873
11/02/2020,27.194
12/02/2020,27.948
13/02/2020,25.454
14/02/2020,26.508
15/02/2020,9.833
16/02/2020,6.514
17/02/2020,25.733
18/02/2020,25.268
19/02/2020,24.298
20/02/2020,22.662
21/02/2020,24.885
22/02/2020,18.664
23/02/2020,14.080
24/02/2020,23.515
25/02/2020,27.095
26/02/2020,28.059
27/02/2020,20.356
28/02/2020,18.676
29/02/2020,12.542
01/03/2020,16.831
02/03/2020,26.484
03/03/2020,29.209
04/03/2020,23.390
05/03/2020,17.028
06/03/2020,27.950
07/03/2020,20.229
08/03/2020,14.917
09/03/2020,22.851
10/03/2020,28.186
11/03/2020,29.716
12/03/2020,26.841
13/03/2020,25.233
14/03/2020,18.742
15/03/2020,13.268
16/03/2020,24.370
17/03/2020,19.268
18/03/2020,17.407
19/03/2020,13.371
20/03/2020,13.696
21/03/2020,17.550
22/03/2020,16.229
23/03/2020,11.639
24/03/2020,10.165
25/03/2020,10.643
26/03/2020,10.978
27/03/2020,11.035
28/03/2020,12.946
29/03/2020,7.349
30/03/2020,7.006
31/03/2020,9.121
01/04/2020,9.194
02/04/2020,9.898
03/04/2020,11.139
04/04/2020,22.109
05/04/2020,28.905
06/04/2020,10.565
07/04/2020,14.773
08/04/2020,13.660
09/04/2020,17.452
10/04/2020,27.293
11/04/2020,33.454
12/04/2020,29.537
13/04/2020,18.014
14/04/2020,14.625
15/04/2020,18.067
16/04/2020,16.660
17/04/2020,11.211
18/04/2020,20.331
19/04/2020,39.996
20/04/2020,17.453
21/04/2020,18.745
22/04/2020,21.173
23/04/2020,23.869
24/04/2020,23.367
25/04/2020,38.063
26/04/2020,39.116
27/04/2020,17.205
28/04/2020,4.872
29/04/2020,11.432
30/04/2020,9.116
01/05/2020,14.663
02/05/2020,38.474
03/05/2020,26.982
04/05/2020,18.332
05/05/2020,18.503
06/05/2020,23.350
07/05/2020,27.389
08/05/2020,43.669
09/05/2020,48.752
10/05/2020,23.540
11/05/2020,13.366
12/05/2020,20.120
13/05/2020,16.886
14/05/2020,20.445
15/05/2020,28.363
16/05/2020,46.227
17/05/2020,51.422
18/05/2020,29.598
19/05/2020,35.525
20/05/2020,42.827
21/05/2020,36.203
22/05/2020,36.817
23/05/2020,40.769
24/05/2020,55.805
25/05/2020,67.034
26/05/2020,38.386
27/05/2020,38.327
28/05/2020,40.682
29/05/2020,45.693
30/05/2020,70.170
31/05/2020,63.116
01/06/2020,38.376
02/06/2020,45.524
03/06/2020,28.915
04/06/2020,27.752
05/06/2020,28.586
06/06/2020,27.731
07/06/2020,39.225
08/06/2020,28.859
09/06/2020,36.702
10/06/2020,16.957
11/06/2020,24.710
12/06/2020,26.990
13/06/2020,65.045
14/06/2020,57.516
15/06/2020,37.990
16/06/2020,37.758
17/06/2020,26.514
18/06/2020,25.666
19/06/2020,36.582
20/06/2020,64.041
21/06/2020,45.485
22/06/2020,43.004
23/06/2020,48.287
24/06/2020,52.131
25/06/2020,52.389
26/06/2020,50.978
27/06/2020,41.381
28/06/2020,42.221
29/06/2020,32.538
30/06/2020,28.707
01/07/2020,31.474
02/07/2020,28.054
03/07/2020,37.423
04/07/2020,42.173
05/07/2020,47.227
06/07/2020,33.688
07/07/2020,32.208
08/07/2020,22.306
09/07/2020,26.128
10/07/2020,38.143
11/07/2020,51.371
12/07/2020,49.653
13/07/2020,35.317
14/07/2020,35.224
15/07/2020,34.126
16/07/2020,37.401
17/07/2020,46.734
18/07/2020,56.654
19/07/2020,33.988
20/07/2020,39.255
21/07/2020,40.542
22/07/2020,41.579
23/07/2020,40.105
24/07/2020,40.929
25/07/2020,24.828
26/07/2020,34.216
27/07/2020,23.892
28/07/2020,37.887
29/07/2020,41.163
30/07/2020,43.105
31/07/2020,43.267
01/08/2020,49.591
02/08/2020,44.097
03/08/2020,36.822
04/08/2020,41.429
05/08/2020,42.674
06/08/2020,41.172
07/08/2020,43.349
08/08/2020,47.667
09/08/2020,44.699
10/08/2020,40.033
11/08/2020,43.139
12/08/2020,41.957
13/08/2020,34.296
14/08/2020,30.322
15/08/2020,30.834
16/08/2020,32.727
17/08/2020,32.065
18/08/2020,39.694
19/08/2020,20.690
20/08/2020,42.900
21/08/2020,35.563
22/08/2020,44.600
23/08/2020,37.229
24/08/2020,31.659
25/08/2020,27.213
26/08/2020,41.188
27/08/2020,23.767
28/08/2020,27.689
29/08/2020,29.091
30/08/2020,35.248
31/08/2020,39.872
01/09/2020,36.669
02/09/2020,31.809
03/09/2020,30.832
04/09/2020,35.992
05/09/2020,42.640
06/09/2020,39.964
07/09/2020,32.954
08/09/2020,38.508
09/09/2020,39.425
10/09/2020,40.273
11/09/2020,38.358
12/09/2020,47.615
13/09/2020,47.141
14/09/2020,31.631
15/09/2020,43.592
16/09/2020,43.355
17/09/2020,42.033
18/09/2020,42.106
19/09/2020,51.764
20/09/2020,47.835
21/09/2020,38.776
22/09/2020,46.181
23/09/2020,30.731
24/09/2020,32.999
25/09/2020,30.833
26/09/2020,34.352
27/09/2020,26.694
28/09/2020,33.146
29/09/2020,32.116
30/09/2020,27.200
01/10/2020,34.441
02/10/2020,12.207
03/10/2020,21.909
04/10/2020,8.779
05/10/2020,25.748
06/10/2020,30.723
07/10/2020,34.225
08/10/2020,29.150
09/10/2020,29.389
10/10/2020,34.838
11/10/2020,34.123
12/10/2020,21.308
13/10/2020,20.948
14/10/2020,29.591
15/10/2020,30.112
16/10/2020,33.858
17/10/2020,34.167
18/10/2020,31.540
19/10/2020,29.221
20/10/2020,32.568
21/10/2020,17.842
22/10/2020,31.992
23/10/2020,32.333
24/10/2020,26.255
25/10/2020,27.462
26/10/2020,29.578
27/10/2020,21.496
28/10/2020,27.747
29/10/2020,21.958
30/10/2020,29.425
31/10/2020,23.300
01/11/2020,25.625
02/11/2020,27.663
03/11/2020,28.623
04/11/2020,36.971
05/11/2020,19.762
06/11/2020,21.849
07/11/2020,40.469
08/11/2020,31.318
09/11/2020,19.955
10/11/2020,24.860
11/11/2020,23.661
12/11/2020,25.865
13/11/2020,25.767
14/11/2020,15.491
15/11/2020,22.687
16/11/2020,19.152
17/11/2020,23.524
18/11/2020,23.011
19/11/2020,20.455
20/11/2020,18.225
21/11/2020,35.358
22/11/2020,35.315
23/11/2020,21.680
24/11/2020,22.773
25/11/2020,22.103
26/11/2020,23.694
27/11/2020,23.667
28/11/2020,34.416
29/11/2020,27.107
30/11/2020,19.199
01/12/2020,22.282
02/12/2020,24.615
03/12/2020,14.619
04/12/2020,22.624
05/12/2020,31.470
06/12/2020,20.583
07/12/2020,19.778
08/12/2020,21.625
09/12/2020,23.013
10/12/2020,23.516
11/12/2020,24.943
12/12/2020,29.258
13/12/2020,13.220
14/12/2020,15.959
15/12/2020,26.241
16/12/2020,17.574
17/12/2020,22.945
18/12/2020,18.542
19/12/2020,16.643
20/12/2020,17.397
21/12/2020,11.190
22/12/2020,14.805
23/12/2020,13.215
24/12/2020,15.630
25/12/2020,17.741
26/12/2020,12.557
27/12/2020,17.726
28/12/2020,12.631
29/12/2020,14.666
30/12/2020,17.079
31/12/2020,15.004
01/01/2021,10.981
02/01/2021,17.560
03/01/2021,13.616
04/01/2021,10.374
05/01/2021,9.566
06/01/2021,12.382
07/01/2021,12.593
08/01/2021,11.387
09/01/2021,19.696
10/01/2021,13.796
11/01/2021,11.687
12/01/2021,11.761
13/01/2021,8.589
14/01/2021,6.731
15/01/2021,13.989
16/01/2021,12.296
17/01/2021,24.892
18/01/2021,12.987
19/01/2021,12.765
20/01/2021,9.216
21/01/2021,15.093
22/01/2021,16.854
23/01/2021,24.456
24/01/2021,6.632
25/01/2021,13.250
26/01/2021,10.898
27/01/2021,12.479
28/01/2021,13.783
29/01/2021,14.807
30/01/2021,7.915
31/01/2021,16.730
01/02/2021,12.563
02/02/2021,14.459
03/02/2021,13.017
04/02/2021,11.153
05/02/2021,19.520
06/02/2021,19.063
07/02/2021,6.252
08/02/2021,6.725
09/02/2021,7.263
10/02/2021,11.723
11/02/2021,11.144
12/02/2021,11.859
13/02/2021,15.958
14/02/2021,14.034
15/02/2021,13.491
16/02/2021,12.393
17/02/2021,12.945
18/02/2021,16.279
19/02/2021,17.584
20/02/2021,39.918
21/02/2021,33.629
22/02/2021,13.922
23/02/2021,21.689
24/02/2021,22.259
25/02/2021,18.457
26/02/2021,29.662
27/02/2021,52.427
28/02/2021,31.418
01/03/2021,18.213
02/03/2021,19.220
03/03/2021,12.412
04/03/2021,15.502
05/03/2021,20.347
06/03/2021,30.874
07/03/2021,28.887
08/03/2021,18.573
09/03/2021,25.686
10/03/2021,11.251
11/03/2021,16.827
12/03/2021,18.981
13/03/2021,24.105
14/03/2021,21.973
15/03/2021,16.467
16/03/2021,18.954
17/03/2021,18.881
18/03/2021,16.880
19/03/2021,26.747
20/03/2021,34.910
21/03/2021,32.886
22/03/2021,25.234
23/03/2021,24.057
24/03/2021,22.990
25/03/2021,20.543
26/03/2021,17.517
27/03/2021,40.106
28/03/2021,23.886
29/03/2021,34.568
30/03/2021,50.325
31/03/2021,40.431
01/04/2021,36.452
02/04/2021,39.025
03/04/2021,33.866
04/04/2021,47.487
05/04/2021,26.778
06/04/2021,22.331
07/04/2021,24.413
08/04/2021,27.051
09/04/2021,30.377
10/04/2021,23.647
11/04/2021,31.368
12/04/2021,28.606
13/04/2021,29.337
14/04/2021,30.835
15/04/2021,26.080
16/04/2021,33.857
17/04/2021,42.994
18/04/2021,36.369
19/04/2021,30.124
20/04/2021,35.594
21/04/2021,30.094
22/04/2021,32.079
23/04/2021,34.629
24/04/2021,45.261
25/04/2021,29.672
26/04/2021,26.159
27/04/2021,30.573
28/04/2021,21.840
29/04/2021,27.609
30/04/2021,28.821
01/05/2021,34.622
02/05/2021,30.606
03/05/2021,21.096
04/05/2021,22.318
05/05/2021,22.803
06/05/2021,27.214
07/05/2021,31.252
08/05/2021,22.404
09/05/2021,34.406
10/05/2021,26.169
11/05/2021,30.609
12/05/2021,31.712
13/05/2021,24.696
14/05/2021,31.624
15/05/2021,28.803
16/05/2021,17.714
17/05/2021,21.025
18/05/2021,27.761
19/05/2021,29.516
20/05/2021,27.195
21/05/2021,21.444
22/05/2021,29.995
23/05/2021,22.105
24/05/2021,21.311
25/05/2021,29.205
26/05/2021,32.433
27/05/2021,37.825
28/05/2021,32.904
29/05/2021,49.814
30/05/2021,47.763
31/05/2021,53.069
01/06/2021,46.109
02/06/2021,46.206
03/06/2021,47.170
04/06/2021,22.742
05/06/2021,56.900
06/06/2021,41.571
07/06/2021,39.528
08/06/2021,44.784
09/06/2021,46.622
10/06/2021,44.437
11/06/2021,44.164
12/06/2021,56.284
13/06/2021,48.648
14/06/2021,41.072
15/06/2021,44.254
16/06/2021,44.040
17/06/2021,30.025
18/06/2021,19.019
19/06/2021,35.694
20/06/2021,28.862
21/06/2021,20.308
22/06/2021,35.374
23/06/2021,42.286
24/06/2021,40.655
25/06/2021,39.245
26/06/2021,49.956
27/06/2021,29.857
28/06/2021,28.726
29/06/2021,31.705
30/06/2021,36.876
01/07/2021,41.628
02/07/2021,42.389
03/07/2021,39.874
04/07/2021,32.720
05/07/2021,30.621
06/07/2021,24.198
07/07/2021,38.154
08/07/2021,38.050
09/07/2021,39.283
10/07/2021,40.187
11/07/2021,41.697
12/07/2021,26.207
13/07/2021,38.752
14/07/2021,41.440
15/07/2021,38.928
16/07/2021,42.995
17/07/2021,52.076
18/07/2021,46.573
19/07/2021,38.150
20/07/2021,39.599
21/07/2021,44.450
22/07/2021,46.441
23/07/2021,43.689
24/07/2021,36.858
25/07/2021,18.928
26/07/2021,35.746
27/07/2021,36.757
28/07/2021,26.479
29/07/2021,41.800
30/07/2021,27.711
31/07/2021,35.245